"date","lat","lon","region","site","band_id","species","sex","ageclass","mass","Massinacuracy","forearm","ear","repro_status","Comments","capture_time","release_time","month","season"
2011-05-13,60.09,-112.25,"Salt River","Thebacha cabins","UC0001","Myotis lucifugus","Female","Adult",8,NA,39.90000153,12,"NOP","Band on right; flea, bed bug","23:12","0:10",5,"Spring"
2011-05-13,60.09,-112.25,"Salt River","Thebacha cabins","UC0002","Myotis lucifugus","Female","Adult",11.5,NA,34.09999847,10,"NOP","Band on right; fleas on ears","3:06","3:35",5,"Spring"
2011-05-13,60.09,-112.25,"Salt River","Thebacha cabins","UC0003","Myotis lucifugus","Female","Adult",10.5,NA,37.90000153,11,"NOP","Band on right; fleas on ears; orange item/bug in ear","3:25","3:40",5,"Spring"
2011-05-16,59.7,-112.2,"Wood Buffalo NP","Walk-in Cave","UC0004","Myotis lucifugus","Female","Adult",7.400000095,NA,38.90000153,10,"NOP","fleas on chin; wing photo taken","21:35","0:18",5,"Spring"
2011-05-16,59.7,-112.2,"Wood Buffalo NP","Walk-in Cave","UC0006","Myotis lucifugus","Female","Adult",8.899999619,NA,39.29999924,10,"NOP",NA,"23:15","0:18",5,"Spring"
2011-05-16,59.7,-112.2,"Wood Buffalo NP","Walk-in Cave","UC0008","Myotis lucifugus","Female","Adult",8,NA,38.70000076,12,"NOP",NA,"23:40","0:18",5,"Spring"
2011-05-20,60.09,-112.25,"Salt River","Thebacha cabins","UC0005","Myotis lucifugus","Female","Adult",8.699999809,NA,38.09999847,11,"NOP",NA,"23:04","0:10",5,"Spring"
2011-05-20,60.09,-112.25,"Salt River","Thebacha cabins","UC0012","Myotis lucifugus","Female","Adult",10.10000038,NA,40.20000076,13,"NOP","rotund","23:07","0:15",5,"Spring"
2011-05-20,60.09,-112.25,"Salt River","Thebacha cabins","UC0014","Myotis lucifugus","Female","Adult",9,NA,38.70000076,13,"NOP",NA,"23:07","0:20",5,"Spring"
2011-05-20,60.09,-112.25,"Salt River","Thebacha cabins","UC0015","Myotis lucifugus","Female","Adult",9.100000381,NA,38.20000076,13,"NOP","rotund","23:07","0:25",5,"Spring"
2011-05-20,60.09,-112.25,"Salt River","Thebacha cabins","UC0016","Myotis lucifugus","Female","Adult",9,NA,40.09999847,13,"NOP",NA,"23:17","0:35",5,"Spring"
2011-05-20,60.09,-112.25,"Salt River","Thebacha cabins","UC0018","Myotis lucifugus","Female","Adult",8.399999619,NA,40.09999847,13,"NOP","Bed bug","23:22","0:40",5,"Spring"
2011-05-20,60.09,-112.25,"Salt River","Thebacha cabins","UC0019","Myotis lucifugus","Female","Adult",9.5,NA,41.5,13,"NOP",NA,"23:33","0:45",5,"Spring"
2011-05-20,60.09,-112.25,"Salt River","Thebacha cabins","UC0020","Myotis lucifugus","Female","Adult",9.600000381,NA,36.90000153,12,"NOP",NA,"0:01","0:50",5,"Spring"
2011-05-20,60.09,-112.25,"Salt River","Thebacha cabins","UC0021","Myotis lucifugus","Female","Adult",8.100000381,NA,37.70000076,12,"NOP","White spot R wing (photo)","0:01","0:55",5,"Spring"
2011-05-20,60.09,-112.25,"Salt River","Thebacha cabins","UC0022","Myotis lucifugus","Female","Adult",8.600000381,NA,37.79999924,12,"NOP",NA,"0:55","2:05",5,"Spring"
2011-05-20,60.09,-112.25,"Salt River","Thebacha cabins","UC0023","Myotis lucifugus","Female","Adult",12.19999981,"*",38.09999847,13,"NOP","Not held 1 hour","2:57","3:05",5,"Spring"
2011-05-25,60.09,-112.25,"Salt River","Thebacha cabins","UC0034","Myotis lucifugus","Female","Adult",7.099999905,NA,38.79999924,12,"NOP","taken off side of cabin; placed back","22:00",NA,5,"Spring"
2011-05-26,59.7,-112.2,"Wood Buffalo NP","Walk-in Cave","UC0035","Myotis lucifugus","Female","Adult",7.599999905,NA,39.90000153,11,"NOP",NA,"22:58",NA,5,"Spring"
2011-05-26,59.7,-112.2,"Wood Buffalo NP","Walk-in Cave","UC0036","Myotis lucifugus","Female","Adult",5.800000191,NA,36.90000153,12,"NOP",NA,"22:52",NA,5,"Spring"
2011-05-26,59.7,-112.2,"Wood Buffalo NP","Walk-in Cave","UC0039","Myotis lucifugus","Female","Adult",8.199999809,NA,38,14,"NOP",NA,"23:50",NA,5,"Spring"
2011-05-29,60.04,-112.73,"Little Buffalo Falls","NTBP","UC0042","Myotis lucifugus","Female","Adult",6.800000191,NA,37.90000153,13,"NOP","fleas","0:18","1:05",5,"Spring"
2011-06-05,59.74,-112.22,"Wood Buffalo NP","WBBP","UC0045","Myotis lucifugus","Female","Adult",7.099999905,NA,41,13,"NOP","mud on wings","11:25-12:25",NA,6,"Summer"
2011-06-05,59.74,-112.22,"Wood Buffalo NP","WBBP","UC0046","Myotis lucifugus","Female","Adult",7.099999905,NA,38.40000153,14,"NOP","mud on wings","11:25-12:25",NA,6,"Summer"
2011-06-05,59.74,-112.22,"Wood Buffalo NP","WBBP","UC0047","Myotis lucifugus","Female","Adult",8.600000381,NA,39.70000076,13,"NOP","mud on wings","11:25-12:25",NA,6,"Summer"
2011-06-05,59.74,-112.22,"Wood Buffalo NP","WBBP","UC0048","Myotis lucifugus","Female","Adult",7.099999905,NA,40.59999847,13,"NOP",NA,"11:25-12:25",NA,6,"Summer"
2011-06-05,59.74,-112.22,"Wood Buffalo NP","WBBP","UC0049","Myotis lucifugus","Female","Adult",6.699999809,NA,38.20000076,14,"NOP",NA,"11:25-12:25",NA,6,"Summer"
2011-06-05,59.74,-112.22,"Wood Buffalo NP","WBBP","UC0051","Myotis lucifugus","Female","Adult",7.099999905,NA,38.79999924,12,"NOP","mud on wings","11:25-12:25",NA,6,"Summer"
2011-06-07,60.09,-112.25,"Salt River","SR Cutline","UC0015","Myotis lucifugus","Female","Adult",8.100000381,NA,38.20000076,13,"NOP","Recapture!","23:31","23:35",6,"Summer"
2011-06-07,60.09,-112.25,"Salt River","SR Cutline","UC0052","Myotis lucifugus","Female","Adult",7.599999905,NA,39.09999847,13,"NOP",NA,"23:47","0:00",6,"Summer"
2011-06-07,60.09,-112.25,"Salt River","SR Cutline","UC0053","Myotis lucifugus","Female","Adult",7.800000191,NA,39.20000076,13,"PREG","swollen nipples, rotund","23:47","0:14",6,"Summer"
2011-06-07,60.09,-112.25,"Salt River","SR Cutline","UC0054","Myotis lucifugus","Female","Adult",8.899999619,NA,39.20000076,12,"PREG","swollen nipples, rotund","23:49","0:19",6,"Summer"
2011-06-09,59.7,-112.2,"Wood Buffalo NP","Walk-in Cave","UC0056","Myotis lucifugus","Female","Adult",8.399999619,NA,39.90000153,14,"NOP","orange mites","22:54","23:51",6,"Summer"
2011-06-09,59.7,-112.2,"Wood Buffalo NP","Walk-in Cave","UC0062","Myotis lucifugus","Female","Adult",7.199999809,NA,37.29999924,12,"NOP","band placed on left arm","23:38","1:18",6,"Summer"
2011-06-09,59.7,-112.2,"Wood Buffalo NP","Walk-in Cave","UC0067","Myotis lucifugus","Female","Adult",7.900000095,NA,38.40000153,13,"NOP",NA,"~00:30","1:59",6,"Summer"
2011-06-09,59.7,-112.2,"Wood Buffalo NP","Walk-in Cave","UC0069","Myotis lucifugus","Female","Adult",7.900000095,NA,38.29999924,13,"NOP","overlapped lip on band","~00:30","2:09",6,"Summer"
2011-06-11,59.74,-112.22,"Wood Buffalo NP","WBBP","UC0072","Myotis lucifugus","Female","Adult",6.599999905,NA,38.5,13,"NOP",NA,"23:46","0:53",6,"Summer"
2011-06-11,59.74,-112.22,"Wood Buffalo NP","WBBP","UC0073","Myotis lucifugus","Female","Adult",7.199999809,NA,38.5,12,"NOP",NA,"0:27","1:28",6,"Summer"
2011-06-12,60.09,-112.25,"Salt River","Thebacha cabins","UC0080","Myotis lucifugus","Female","Adult",8.800000191,NA,40.40000153,13,"PREG","radio tagged","23:39","0:02",6,"Summer"
2011-06-12,60.09,-112.25,"Salt River","Thebacha cabins","UC0081","Myotis lucifugus","Female","Adult",9,NA,39,14,"PREG",NA,"23:39","0:02",6,"Summer"
2011-06-12,60.09,-112.25,"Salt River","Thebacha cabins","UC0082","Myotis lucifugus","Female","Adult",8.100000381,NA,38.70000076,13,"PREG",NA,"23:38","0:05",6,"Summer"
2011-06-12,60.09,-112.25,"Salt River","Thebacha cabins","UC0083","Myotis lucifugus","Female","Adult",7.199999809,NA,39.09999847,12,"PREG",NA,"23:57","0:10",6,"Summer"
2011-06-19,60.09,-112.25,"Salt River","Thebacha cabins","UC0021","Myotis lucifugus","Female","Adult",9,NA,37.70000076,12,"NOP",NA,"11:37 to 12:07","0:15",6,"Summer"
2011-06-19,60.09,-112.25,"Salt River","Thebacha cabins","UC0084","Myotis lucifugus","Female","Adult",7.599999905,NA,39.09999847,12,"NOP",NA,"11:37 to 12:07","0:15",6,"Summer"
2011-06-19,60.09,-112.25,"Salt River","Thebacha cabins","UC0085","Myotis lucifugus","Female","Adult",10.10000038,NA,39.20000076,11,"PREG",NA,"11:37 to 12:07","0:15",6,"Summer"
2011-06-19,60.09,-112.25,"Salt River","Thebacha cabins","UC0086","Myotis lucifugus","Female","Adult",8.300000191,NA,40.90000153,13,"PREG",NA,"11:37 to 12:07","0:15",6,"Summer"
2011-06-19,60.09,-112.25,"Salt River","Thebacha cabins","UC0087","Myotis lucifugus","Female","Adult",7.5,NA,39.20000076,13,"PREG",NA,"11:37 to 12:07","0:15",6,"Summer"
2011-06-19,60.09,-112.25,"Salt River","Thebacha cabins","UC0088","Myotis lucifugus","Female","Adult",10.69999981,NA,39.5,13,"PREG",NA,"11:37 to 12:07","0:15",6,"Summer"
2011-06-19,60.09,-112.25,"Salt River","Thebacha cabins","UC0089","Myotis lucifugus","Female","Adult",8.199999809,NA,40.40000153,14,"PREG",NA,"11:37 to 12:07","0:15",6,"Summer"
2011-06-19,60.09,-112.25,"Salt River","Thebacha cabins","UC0090","Myotis lucifugus","Female","Adult",10.89999962,NA,40.5,13,"PREG","rotund","11:37 to 12:07","0:15",6,"Summer"
2011-06-19,60.09,-112.25,"Salt River","Thebacha cabins","UC0091","Myotis lucifugus","Female","Adult",10.10000038,NA,36.70000076,12,"PREG","super fetus!","11:37 to 12:07","0:15",6,"Summer"
2011-06-19,60.09,-112.25,"Salt River","Thebacha cabins","UC0092","Myotis lucifugus","Female","Adult",11,NA,41,13,"PREG",NA,"11:37 to 12:07","0:15",6,"Summer"
2011-06-19,60.09,-112.25,"Salt River","Thebacha cabins","UC0094","Myotis lucifugus","Female","Adult",10,NA,39.40000153,12,"PREG",NA,"11:37 to 12:07","0:15",6,"Summer"
2011-06-19,60.09,-112.25,"Salt River","Thebacha cabins","UC0096","Myotis lucifugus","Female","Adult",11.60000038,NA,40.5,14,"PREG","ready to burst","11:37 to 12:07","0:15",6,"Summer"
2011-06-29,60.96,-117.33,"Kakisa","Lady Evelyn Falls campground",NA,"Myotis lucifugus","Female","Adult",8.5,NA,38.79999924,11,"LAC",NA,"11:45-12:03","0:59",6,"Summer"
2011-06-29,60.96,-117.33,"Kakisa","Lady Evelyn Falls campground",NA,"Myotis lucifugus","Female","Adult",9.600000381,NA,41.09999847,13,"NOP",NA,"11:45-12:03","0:43",6,"Summer"
2011-06-29,60.96,-117.33,"Kakisa","Lady Evelyn Falls campground",NA,"Myotis lucifugus","Female","Adult",9.300000191,NA,38.70000076,12,"NOP","rotund","11:45-12:03","0:28",6,"Summer"
2011-06-29,60.96,-117.33,"Kakisa","Lady Evelyn Falls campground",NA,"Myotis lucifugus","Female","Adult",8.699999809,NA,39.79999924,13,"NOP","rotund","11:45-12:03","0:18",6,"Summer"
2011-06-29,60.96,-117.33,"Kakisa","Lady Evelyn Falls campground",NA,"Myotis lucifugus","Female","Adult",9.600000381,NA,39.40000153,12,"PREG",NA,"11:45-12:03","0:21",6,"Summer"
2011-06-29,60.96,-117.33,"Kakisa","Lady Evelyn Falls campground",NA,"Myotis lucifugus","Female","Adult",10.39999962,NA,39.5,13,"PREG",NA,"11:45-12:03","0:14",6,"Summer"
2011-06-29,60.96,-117.33,"Kakisa","Lady Evelyn Falls campground",NA,"Myotis lucifugus","Female","Adult",10.69999981,NA,41.59999847,12,"PREG",NA,"11:45-12:03","0:05",6,"Summer"
2011-06-29,60.96,-117.33,"Kakisa","Lady Evelyn Falls campground",NA,"Myotis lucifugus","Female","Adult",11.89999962,NA,41.29999924,13,"PREG",NA,"11:45-12:03","0:40",6,"Summer"
2011-06-29,60.96,-117.33,"Kakisa","Lady Evelyn Falls campground",NA,"Myotis lucifugus","Female","Adult",8.600000381,NA,37.29999924,12,"PREG",NA,"11:45-12:03","0:57",6,"Summer"
2011-06-29,60.96,-117.33,"Kakisa","Lady Evelyn Falls campground",NA,"Myotis lucifugus","Female","Adult",9.100000381,NA,40,13,"PREG",NA,"11:45-12:03","0:49",6,"Summer"
2011-06-29,60.96,-117.33,"Kakisa","Lady Evelyn Falls campground",NA,"Myotis lucifugus","Female","Adult",10.39999962,NA,40.70000076,13,"PREG",NA,"11:45-12:03","0:56",6,"Summer"
2011-06-29,60.96,-117.33,"Kakisa","Lady Evelyn Falls campground",NA,"Myotis lucifugus","Female","Adult",9.899999619,NA,38,13,"PREG",NA,"11:45-12:03","0:36",6,"Summer"
2011-06-29,60.96,-117.33,"Kakisa","Lady Evelyn Falls campground",NA,"Myotis lucifugus","Female","Adult",9.399999619,NA,38.59999847,12,"PREG",NA,"11:45-12:03","0:53",6,"Summer"
2011-06-29,60.96,-117.33,"Kakisa","Lady Evelyn Falls campground",NA,"Myotis lucifugus","Female","Adult",8.300000191,NA,39.40000153,13,"PREG",NA,"11:45-12:03","0:32",6,"Summer"
2011-06-29,60.96,-117.33,"Kakisa","Lady Evelyn Falls campground",NA,"Myotis lucifugus","Female","Adult",9.800000191,NA,38.40000153,12,"PREG",NA,"11:45-12:03","0:30",6,"Summer"
2011-06-29,60.96,-117.33,"Kakisa","Lady Evelyn Falls campground",NA,"Myotis lucifugus","Female","Adult",10.80000019,NA,40.70000076,13,"PREG",NA,"11:45-12:03","0:28",6,"Summer"
2011-06-29,60.96,-117.33,"Kakisa","Lady Evelyn Falls campground",NA,"Myotis lucifugus","Female","Adult",12.69999981,NA,40.40000153,13,"PREG","no tragus in left ear","11:45-12:03","0:45",6,"Summer"
2011-06-30,60.09,-112.25,"Salt River","Thebacha cabins","UC0099","Myotis lucifugus","Female","Adult",10.19999981,NA,39.29999924,12,"PREG",NA,"23:20",NA,6,"Summer"
2011-06-30,60.09,-112.25,"Salt River","Thebacha cabins","UC0100","Myotis lucifugus","Female","Adult",8.300000191,NA,40.59999847,12,"LAC",NA,"23:15",NA,6,"Summer"
2011-06-30,60.09,-112.25,"Salt River","Thebacha cabins","UC0101","Myotis lucifugus","Female","Adult",12,NA,38.29999924,14,"PREG","very pregnant","23:28",NA,6,"Summer"
2011-06-30,60.09,-112.25,"Salt River","Thebacha cabins","UC0102","Myotis lucifugus","Female","Adult",12.19999981,NA,41.40000153,12,"PREG","very pregnant","23:31",NA,6,"Summer"
2011-06-30,60.09,-112.25,"Salt River","Thebacha cabins","UC0103","Myotis lucifugus","Female","Adult",8.399999619,NA,38.90000153,12,"NOP",NA,"23:33",NA,6,"Summer"
2011-06-30,60.09,-112.25,"Salt River","Thebacha cabins","UC0104","Myotis lucifugus","Female","Adult",9.199999809,NA,39.29999924,13,"LAC",NA,"23:35",NA,6,"Summer"
2011-06-30,60.09,-112.25,"Salt River","Thebacha cabins","UC0105","Myotis lucifugus","Female","Adult",9,NA,38.79999924,13,"LAC",NA,"23:35",NA,6,"Summer"
2011-07-06,60.09,-112.25,"Salt River","Thebacha cabins","UC0106","Myotis lucifugus","Female","Adult",11.60000038,NA,38.70000076,13,"PREG","very pregnant","23:34","11:41",7,"Summer"
2011-07-06,60.09,-112.25,"Salt River","Thebacha cabins","UC0107","Myotis lucifugus","Female","Adult",11.30000019,NA,38.5,12,"PREG","very pregnant","23:30","11:57",7,"Summer"
2011-07-06,60.09,-112.25,"Salt River","Thebacha cabins","UC0108","Myotis lucifugus","Female","Adult",9.100000381,NA,41.59999847,12,"LAC","radio tagged with 151511; freq 173.360","23:30","0:11",7,"Summer"
2011-07-06,60.09,-112.25,"Salt River","Thebacha cabins","UC0109","Myotis lucifugus","Female","Adult",7.800000191,NA,39.70000076,12,"LAC",NA,"23:30","0:11",7,"Summer"
2011-07-06,60.09,-112.25,"Salt River","Thebacha cabins","UC0110","Myotis lucifugus","Female","Adult",8.300000191,NA,39.5,12,"LAC",NA,"23:42","0:14",7,"Summer"
2011-07-06,60.09,-112.25,"Salt River","Thebacha cabins","UC0111","Myotis lucifugus","Female","Adult",9.5,NA,39.09999847,13,"LAC",NA,"23:42","0:17",7,"Summer"
2011-07-06,60.09,-112.25,"Salt River","Thebacha cabins","UC0112","Myotis lucifugus","Female","Adult",12,NA,38.70000076,13,"PREG","very pregnant","23:58","12:21",7,"Summer"
2011-07-08,60.09,-112.25,"Salt River","Thebacha cabins","UC0113","Myotis lucifugus","Female","Adult",9.399999619,NA,41,12,"LAC",NA,"23:20","23:25",7,"Summer"
2011-07-08,60.09,-112.25,"Salt River","Thebacha cabins","UC0114","Myotis lucifugus","Female","Adult",7.699999809,NA,39.40000153,11,"LAC","radio tagged with 1515.7; freq 173.523","23:23","0:00",7,"Summer"
2011-07-08,60.09,-112.25,"Salt River","Thebacha cabins","UC0115","Myotis lucifugus","Female","Adult",9.100000381,"*",37.79999924,12,"NOP",NA,"0:50","1:10",7,"Summer"
2011-07-08,60.09,-112.25,"Salt River","Thebacha cabins","UC0116","Myotis lucifugus","Female","Adult",10.39999962,"*",40.40000153,14,"LAC",NA,"1:15","1:52",7,"Summer"
2011-07-08,60.09,-112.25,"Salt River","Thebacha cabins","UC0118","Myotis lucifugus","Female","Adult",9.899999619,"*",40.20000076,13,"LAC",NA,"1:38","2:09",7,"Summer"
2011-07-08,60.09,-112.25,"Salt River","Thebacha cabins","UC0119","Myotis lucifugus","Female","Adult",10.80000019,"*",39.20000076,14,"LAC",NA,"1:39","2:15",7,"Summer"
2011-07-08,60.09,-112.25,"Salt River","Thebacha cabins","UC0120","Myotis lucifugus","Female","Adult",9.199999809,"*",39.79999924,12,"LAC",NA,"1:54","2:20",7,"Summer"
2011-07-13,60.09,-112.25,"Salt River","Thebacha cabins","UC0121","Myotis lucifugus","Female","Adult",8.699999809,NA,38.5,14,"LAC",NA,"23:18","0:01",7,"Summer"
2011-07-13,60.09,-112.25,"Salt River","Thebacha cabins","UC0122","Myotis lucifugus","Female","Adult",9.199999809,NA,40.20000076,13,"LAC",NA,"23:18","0:10",7,"Summer"
2011-07-13,60.09,-112.25,"Salt River","Thebacha cabins","UC0123","Myotis lucifugus","Female","Adult",8.300000191,NA,38.40000153,13,"LAC","milk","23:21","0:11",7,"Summer"
2011-07-13,60.09,-112.25,"Salt River","Thebacha cabins","UC0124","Myotis lucifugus","Female","Adult",8.699999809,NA,38.59999847,13,"LAC",NA,"23:28","0:14",7,"Summer"
2011-07-13,60.09,-112.25,"Salt River","Thebacha cabins","UC0126","Myotis lucifugus","Female","Adult",9,NA,39.09999847,12,"LAC",NA,"23:36","0:20",7,"Summer"
2011-07-13,60.09,-112.25,"Salt River","Thebacha cabins","UC0128","Myotis lucifugus","Female","Adult",8.100000381,NA,39,13,"LAC",NA,"23:36","0:22",7,"Summer"
2011-07-14,60.96,-117.33,"Kakisa","Lady Evelyn Falls campground",NA,"Myotis lucifugus","Female","Adult",9.5,NA,35.40000153,11,"LAC",NA,"23:41","23:48",7,"Summer"
2011-07-14,60.96,-117.33,"Kakisa","Lady Evelyn Falls campground",NA,"Myotis lucifugus","Female","Adult",9.699999809,NA,39.5,13,"LAC",NA,"0:15","0:20",7,"Summer"
2011-07-14,60.96,-117.33,"Kakisa","Lady Evelyn Falls campground",NA,"Myotis lucifugus","Female","Adult",13.60000038,NA,42,12,"PREG","very pregnant","0:05","0:10",7,"Summer"
2011-07-14,60.96,-117.33,"Kakisa","Lady Evelyn Falls campground",NA,"Myotis lucifugus","Female","Adult",13.30000019,NA,41,11,"PREG","very pregnant","0:01","0:02",7,"Summer"
2011-07-14,60.96,-117.33,"Kakisa","Lady Evelyn Falls campground",NA,"Myotis lucifugus","Female","Adult",11.10000038,NA,38.59999847,10,"PREG","very pregnant; **super rain storm","23:41","23:43",7,"Summer"
2011-07-19,60.09,-112.25,"Salt River","Thebacha cabins - main lodge","UC0129","Myotis lucifugus","Female","Adult",8.100000381,NA,36.59999847,14,"LAC",NA,"23:37","0:07",7,"Summer"
2011-07-19,60.09,-112.25,"Salt River","Thebacha cabins - main lodge","UC0130","Myotis lucifugus","Female","Adult",10.30000019,NA,40.40000153,11,"LAC",NA,"0:29","1:09",7,"Summer"
2011-07-19,60.09,-112.25,"Salt River","Thebacha cabins - main lodge","UC0131","Myotis lucifugus","Female","Juvenile",7.099999905,NA,37.09999847,12,"JUV","juv hard time flying, sticky wings","0:55","1:28",7,"Summer"
2011-07-19,60.09,-112.25,"Salt River","Thebacha cabins - main lodge","UC0132","Myotis lucifugus","Male","Juvenile",6.800000191,NA,35.79999924,11,"JUV","juv hard time flying, sticky wings; black fur, sticky poo","1:11","1:49",7,"Summer"
2011-07-19,60.09,-112.25,"Salt River","Thebacha cabins - main lodge","UC0133","Myotis lucifugus","Female","Adult",8.600000381,NA,39.70000076,12,"NOP",NA,"1:08","1:57",7,"Summer"
2011-07-19,60.09,-112.25,"Salt River","Thebacha cabins - main lodge","UC0135","Myotis lucifugus","Female","Adult",11.39999962,NA,40.59999847,12,"LAC",NA,"1:23","2:21",7,"Summer"
2011-07-19,60.09,-112.25,"Salt River","Thebacha cabins - main lodge","UC0136","Myotis lucifugus","Female","Adult",9.300000191,NA,40,12,"LAC",NA,"1:40","2:25",7,"Summer"
2011-07-19,60.09,-112.25,"Salt River","Thebacha cabins - main lodge","UC0137","Myotis lucifugus","Female","Adult",11.30000019,NA,40.40000153,11,"LAC",NA,"2:05","2:40",7,"Summer"
2011-07-20,60.1,-112.2,"Salt River","DT11","UC0138","Myotis lucifugus","Female","Adult",8.800000191,NA,37.79999924,12,"LAC",NA,"23:30","0:01",7,"Summer"
2011-07-20,60.1,-112.2,"Salt River","DT11","UC0139","Myotis lucifugus","Female","Adult",8.300000191,NA,40.40000153,11,"LAC",NA,"23:30","0:05",7,"Summer"
2011-07-20,60.1,-112.2,"Salt River","DT11","UC0141","Myotis lucifugus","Female","Adult",10.19999981,NA,35.20000076,12,"LAC",NA,"1:08","1:42",7,"Summer"
2011-07-23,60.09,-112.25,"Salt River","Thebacha cabins","UC0142","Myotis lucifugus","Female","Adult",8.800000191,NA,38.29999924,12,"LAC","radio tagged with freq 173.102","22:50","23:14",7,"Summer"
2011-07-23,60.09,-112.25,"Salt River","Thebacha cabins","UC0146","Myotis lucifugus","Female","Juvenile",8.300000191,NA,35,11,"JUV",NA,"22:59","23:17",7,"Summer"
2011-07-23,60.09,-112.25,"Salt River","Thebacha cabins","UC0147","Myotis lucifugus","Female","Adult",8.899999619,NA,38.09999847,12,"LAC","radio tagged with freq 173.141","22:52","23:35",7,"Summer"
2011-07-23,60.09,-112.25,"Salt River","Thebacha cabins","UC0148","Myotis lucifugus","Male","Juvenile",8,NA,38.29999924,12,"JUV",NA,"22:57","23:40",7,"Summer"
2011-07-23,60.09,-112.25,"Salt River","Thebacha cabins","UC0149","Myotis lucifugus","Female","Adult",9.699999809,NA,38.70000076,11,"LAC",NA,"22:55","0:00",7,"Summer"
2011-07-27,60.96,-117.33,"Kakisa","Lady Evelyn Falls campground","UC0161","Myotis lucifugus","Female","Adult",10.10000038,NA,39.20000076,13,"LAC",NA,"0:15","2:09",7,"Summer"
2011-07-27,60.96,-117.33,"Kakisa","Lady Evelyn Falls campground","UC0162","Myotis lucifugus","Female","Adult",8.699999809,NA,39.90000153,12,"NOP",NA,"0:15","2:07",7,"Summer"
2011-07-27,60.96,-117.33,"Kakisa","Lady Evelyn Falls campground","UC0163","Myotis lucifugus","Female","Adult",10.30000019,NA,38.20000076,13,"LAC",NA,"0:15","2:04",7,"Summer"
2011-07-27,60.96,-117.33,"Kakisa","Lady Evelyn Falls campground","UC0164","Myotis lucifugus","Female","Juvenile",7.900000095,NA,36.09999847,10,"JUV",NA,"0:15","2:00",7,"Summer"
2011-07-27,60.96,-117.33,"Kakisa","Lady Evelyn Falls campground","UC0165","Myotis lucifugus","Female","Adult",10.19999981,NA,41.90000153,13,"LAC",NA,"23:17","1:57",7,"Summer"
2011-07-27,60.96,-117.33,"Kakisa","Lady Evelyn Falls campground","UC0166","Myotis lucifugus","Female","Adult",8.600000381,NA,38,10,"LAC",NA,"23:17","1:55",7,"Summer"
2011-07-27,60.96,-117.33,"Kakisa","Lady Evelyn Falls campground","UC0167","Myotis lucifugus","Female","Adult",10,NA,39.90000153,12,"LAC",NA,"0:20","1:51",7,"Summer"
2011-07-27,60.96,-117.33,"Kakisa","Lady Evelyn Falls campground","UC0168","Myotis lucifugus","Female","Adult",8.899999619,NA,41.5,13,"LAC",NA,"23:27","1:49",7,"Summer"
2011-07-27,60.96,-117.33,"Kakisa","Lady Evelyn Falls campground","UC0169","Myotis lucifugus","Female","Adult",9.199999809,NA,40.70000076,11,"LAC",NA,"23:27","1:43",7,"Summer"
2011-07-27,60.96,-117.33,"Kakisa","Lady Evelyn Falls campground","UC0170","Myotis lucifugus","Female","Adult",10.89999962,NA,38.59999847,12,"LAC",NA,"23:54","1:40",7,"Summer"
2011-07-27,60.96,-117.33,"Kakisa","Lady Evelyn Falls campground","UC0171","Myotis lucifugus","Female","Juvenile",8.399999619,NA,38.79999924,11,"JUV",NA,"23:54","1:38",7,"Summer"
2011-07-27,60.96,-117.33,"Kakisa","Lady Evelyn Falls campground","UC0172","Myotis lucifugus","Female","Adult",9.300000191,NA,41.09999847,11,"NOP",NA,"23:45","1:32",7,"Summer"
2011-07-27,60.96,-117.33,"Kakisa","Lady Evelyn Falls campground","UC0173","Myotis lucifugus","Female","Adult",8.600000381,NA,40.5,12,"NOP",NA,"23:45","1:28",7,"Summer"
2011-07-27,60.96,-117.33,"Kakisa","Lady Evelyn Falls campground","UC0174","Myotis lucifugus","Female","Adult",10.19999981,NA,39.79999924,11,"LAC",NA,"23:45","1:26",7,"Summer"
2011-07-27,60.96,-117.33,"Kakisa","Lady Evelyn Falls campground","UC0175","Myotis lucifugus","Female","Adult",9.300000191,NA,39.09999847,14,"NOP",NA,"23:45","1:25",7,"Summer"
2011-07-27,60.96,-117.33,"Kakisa","Lady Evelyn Falls campground","UC0176","Myotis lucifugus","Female","Adult",8.899999619,NA,40.5,12,"NOP",NA,"23:54","1:21",7,"Summer"
2011-07-27,60.96,-117.33,"Kakisa","Lady Evelyn Falls campground","UC0177","Myotis lucifugus","Female","Adult",9,NA,38.59999847,12,"LAC",NA,"23:45","1:16",7,"Summer"
2011-07-27,60.96,-117.33,"Kakisa","Lady Evelyn Falls campground","UC0179","Myotis lucifugus","Female","Adult",9.5,NA,39.70000076,13,"NOP",NA,"23:23","1:10",7,"Summer"
2011-07-27,60.96,-117.33,"Kakisa","Lady Evelyn Falls campground","UC0180","Myotis lucifugus","Female","Adult",10.30000019,NA,39.59999847,13,"LAC",NA,"23:23","1:06",7,"Summer"
2011-07-27,60.96,-117.33,"Kakisa","Lady Evelyn Falls campground","UC0181","Myotis lucifugus","Female","Adult",10.30000019,NA,40,13,"LAC",NA,"0:15","1:02",7,"Summer"
2011-07-27,60.96,-117.33,"Kakisa","Lady Evelyn Falls campground","UC0182","Myotis lucifugus","Female","Adult",9.699999809,NA,39.40000153,12,"LAC",NA,"0:17","0:58",7,"Summer"
2011-07-27,60.96,-117.33,"Kakisa","Lady Evelyn Falls campground","UC0183","Myotis lucifugus","Female","Adult",10.60000038,NA,41.20000076,13,"LAC",NA,"0:20","0:56",7,"Summer"
2011-07-27,60.96,-117.33,"Kakisa","Lady Evelyn Falls campground","UC0184","Myotis lucifugus","Female","Adult",11.39999962,NA,39.70000076,12,"LAC",NA,"0:18","0:53",7,"Summer"
2011-07-27,60.96,-117.33,"Kakisa","Lady Evelyn Falls campground","UC0185","Myotis lucifugus","Female","Adult",10.30000019,NA,39.90000153,13,"LAC",NA,"0:15","0:49",7,"Summer"
2011-07-27,60.96,-117.33,"Kakisa","Lady Evelyn Falls campground","UC0186","Myotis lucifugus","Male","Juvenile",7,NA,38.20000076,11,"JUV",NA,"23:20","0:46",7,"Summer"
2011-07-27,60.96,-117.33,"Kakisa","Lady Evelyn Falls campground","UC0189","Myotis lucifugus","Female","Adult",9.300000191,NA,38.09999847,13,"LAC",NA,"23:13","0:31",7,"Summer"
2011-07-27,60.96,-117.33,"Kakisa","Lady Evelyn Falls campground","UC0190","Myotis lucifugus","Female","Adult",10.30000019,NA,39.70000076,13,"LAC",NA,"23:10","0:28",7,"Summer"
2011-07-27,60.96,-117.33,"Kakisa","Lady Evelyn Falls campground","UC0191","Myotis lucifugus","Female","Adult",9.5,NA,40.29999924,13,"LAC",NA,"23:10","0:26",7,"Summer"
2011-07-27,60.96,-117.33,"Kakisa","Lady Evelyn Falls campground","UC0192","Myotis lucifugus","Female","Adult",10.10000038,NA,38.79999924,13,"LAC",NA,"23:10","0:20",7,"Summer"
2011-07-27,60.96,-117.33,"Kakisa","Lady Evelyn Falls campground","UC0193","Myotis lucifugus","Female","Adult",9.699999809,NA,40.79999924,12,"LAC",NA,"23:10","0:10",7,"Summer"
2011-07-27,60.96,-117.33,"Kakisa","Lady Evelyn Falls campground","UC0194","Myotis lucifugus","Female","Adult",10.5,NA,40.59999847,14,"LAC",NA,"23:05","0:08",7,"Summer"
2011-07-27,60.96,-117.33,"Kakisa","Lady Evelyn Falls campground","UC0195","Myotis lucifugus","Female","Adult",9.100000381,NA,40.59999847,12,"LAC",NA,"23:05","0:01",7,"Summer"
2011-07-27,60.96,-117.33,"Kakisa","Lady Evelyn Falls campground","UC0196","Myotis lucifugus","Female","Adult",9.199999809,NA,37.40000153,12,"LAC",NA,"23:05","0:00",7,"Summer"
2011-07-27,60.96,-117.33,"Kakisa","Lady Evelyn Falls campground","UC0197","Myotis lucifugus","Female","Adult",9.199999809,NA,38.70000076,12,"LAC",NA,"23:05","23:58",7,"Summer"
2011-07-27,60.96,-117.33,"Kakisa","Lady Evelyn Falls campground","UC0198","Myotis lucifugus","Female","Adult",9.199999809,NA,40.20000076,12,"LAC",NA,"23:03","23:38",7,"Summer"
2011-07-27,60.96,-117.33,"Kakisa","Lady Evelyn Falls campground","UC0199","Myotis lucifugus","Female","Adult",9.600000381,NA,39,13,"LAC",NA,"23:02","23:36",7,"Summer"
2011-07-27,60.96,-117.33,"Kakisa","Lady Evelyn Falls campground","UC0200","Myotis lucifugus","Female","Adult",9,NA,38.5,13,"LAC",NA,"23:02","23:32",7,"Summer"
2011-08-01,60.04,-112.7,"Little Buffalo Falls","Little Buffalo Falls","UC0155","Myotis lucifugus","Female","Adult",8.399999619,NA,38.59999847,11,"LAC",NA,"23:16","0:11",8,"Summer"
2011-08-02,60.09,-112.25,"Salt River","Thebacha cabins - main lodge","UC0157","Myotis lucifugus","Male","Juvenile",7.699999809,NA,40.20000076,12,"JUV",NA,"22:40","23:26",8,"Summer"
2011-08-04,60.09,-112.25,"Salt River","Thebacha cabins","UC0159","Myotis lucifugus","Male","Juvenile",6.400000095,NA,38.90000153,13,"JUV",NA,"23:20","22:48",8,"Summer"
2011-08-04,60.09,-112.25,"Salt River","Thebacha cabins","UC0160","Myotis lucifugus","Female","Juvenile",8,NA,39.29999924,12,"JUV",NA,"23:25","22:52",8,"Summer"
2011-08-04,60.09,-112.25,"Salt River","Thebacha cabins","UC0201","Myotis lucifugus","Female","Adult",9.300000191,NA,39.40000153,13,"LAC",NA,"23:30","22:55",8,"Summer"
2011-08-04,60.09,-112.25,"Salt River","Thebacha cabins","UC0202","Myotis lucifugus","Female","Juvenile",7.599999905,NA,38.40000153,13,"JUV",NA,"23:30","22:58",8,"Summer"
2011-08-04,60.09,-112.25,"Salt River","Thebacha cabins","UC0203","Myotis lucifugus","Male","Juvenile",6.699999809,NA,38.09999847,12,"JUV",NA,"23:45","23:01",8,"Summer"
2011-08-04,60.09,-112.25,"Salt River","Thebacha cabins","UC0204","Myotis lucifugus","Female","Juvenile",7.800000191,NA,40.70000076,12,"JUV",NA,"23:35","23:04",8,"Summer"
2011-08-04,60.09,-112.25,"Salt River","Thebacha cabins","UC0205","Myotis lucifugus","Female","Juvenile",7.800000191,NA,37.79999924,12,"JUV",NA,"23:35","23:07",8,"Summer"
2011-08-04,60.09,-112.25,"Salt River","Thebacha cabins","UC0206","Myotis lucifugus","Female","Juvenile",7.900000095,NA,38.29999924,13,"JUV",NA,"23:35","23:09",8,"Summer"
2011-08-04,60.09,-112.25,"Salt River","Thebacha cabins","UC0207","Myotis lucifugus","Male","Juvenile",7.099999905,NA,39.5,11,"JUV",NA,"23:35","23:11",8,"Summer"
2011-08-04,60.09,-112.25,"Salt River","Thebacha cabins","UC0208","Myotis lucifugus","Female","Juvenile",7.300000191,NA,39.20000076,12,"JUV",NA,"23:35","23:14",8,"Summer"
2011-08-04,60.09,-112.25,"Salt River","Thebacha cabins","UC0209","Myotis lucifugus","Male","Juvenile",6.800000191,NA,37.70000076,13,"JUV",NA,"23:35","23:16",8,"Summer"
2011-08-06,60.96,-117.33,"Kakisa","Lady Evelyn Falls campground","UC0183","Myotis lucifugus","Female","Adult",10.5,NA,40.79999924,13,"LAC",NA,"22:45","23:34",8,"Summer"
2011-08-06,60.96,-117.33,"Kakisa","Lady Evelyn Falls campground","UC0194","Myotis lucifugus","Female","Adult",11.69999981,NA,40.40000153,14,"LAC",NA,"0:57","1:48",8,"Summer"
2011-08-06,60.96,-117.33,"Kakisa","Lady Evelyn Falls campground","UC0195","Myotis lucifugus","Female","Adult",9.100000381,NA,40.5,12,"POST",NA,"22:45","23:53",8,"Summer"
2011-08-06,60.96,-117.33,"Kakisa","Lady Evelyn Falls campground","UC0210","Myotis lucifugus","Female","Adult",9.300000191,NA,38,12,"LAC",NA,"22:45","23:37",8,"Summer"
2011-08-06,60.96,-117.33,"Kakisa","Lady Evelyn Falls campground","UC0211","Myotis lucifugus","Female","Juvenile",8,NA,38.70000076,12,"JUV",NA,"22:52","23:42",8,"Summer"
2011-08-06,60.96,-117.33,"Kakisa","Lady Evelyn Falls campground","UC0212","Myotis lucifugus","Female","Adult",9.699999809,NA,40.29999924,12,"LAC",NA,"22:50","23:48",8,"Summer"
2011-08-06,60.96,-117.33,"Kakisa","Lady Evelyn Falls campground","UC0213","Myotis lucifugus","Female","Juvenile",6.900000095,NA,39.09999847,12,"JUV",NA,"22:53","23:59",8,"Summer"
2011-08-06,60.96,-117.33,"Kakisa","Lady Evelyn Falls campground","UC0214","Myotis lucifugus","Female","Juvenile",7,NA,36,12,"JUV",NA,"22:58","0:03",8,"Summer"
2011-08-06,60.96,-117.33,"Kakisa","Lady Evelyn Falls campground","UC0215","Myotis lucifugus","Female","Adult",10.10000038,NA,40.90000153,13,"LAC",NA,"22:50","0:08",8,"Summer"
2011-08-06,60.96,-117.33,"Kakisa","Lady Evelyn Falls campground","UC0216","Myotis lucifugus","Female","Juvenile",7.400000095,NA,37.09999847,12,"JUV",NA,"22:57","0:10",8,"Summer"
2011-08-06,60.96,-117.33,"Kakisa","Lady Evelyn Falls campground","UC0217","Myotis lucifugus","Male","Juvenile",7.800000191,NA,38.29999924,13,"JUV",NA,"22:57","0:14",8,"Summer"
2011-08-06,60.96,-117.33,"Kakisa","Lady Evelyn Falls campground","UC0218","Myotis lucifugus","Female","Adult",9.699999809,NA,38.59999847,12,"LAC",NA,"23:00","0:18",8,"Summer"
2011-08-06,60.96,-117.33,"Kakisa","Lady Evelyn Falls campground","UC0219","Myotis lucifugus","Female","Adult",9.399999619,NA,40.70000076,12,"LAC",NA,"23:00","0:22",8,"Summer"
2011-08-06,60.96,-117.33,"Kakisa","Lady Evelyn Falls campground","UC0220","Myotis lucifugus","Female","Adult",9,NA,40.40000153,13,"NOP",NA,"23:05","0:26",8,"Summer"
2011-08-06,60.96,-117.33,"Kakisa","Lady Evelyn Falls campground","UC0221","Myotis lucifugus","Female","Juvenile",9.5,NA,40.70000076,12,"JUV",NA,"0:47","1:42",8,"Summer"
2011-08-06,60.96,-117.33,"Kakisa","Lady Evelyn Falls campground","UC0223","Myotis lucifugus","Female","Juvenile",8.5,NA,38.40000153,11,"JUV","*ID on left arm","0:57","1:55",8,"Summer"
2011-08-10,59.74,-112.22,"Wood Buffalo NP","WBBP","UC0225","Myotis lucifugus","Female","Adult",8.699999809,NA,40,12,"NOP",NA,"22:00",NA,8,"Summer"
2011-08-10,59.74,-112.22,"Wood Buffalo NP","WBBP","UC0227","Myotis lucifugus","Female","Adult",8.199999809,NA,37.5,13,"NOP",NA,"22:00",NA,8,"Summer"
2011-08-10,59.74,-112.22,"Wood Buffalo NP","WBBP","UC0228","Myotis lucifugus","Female","Adult",8,NA,39.09999847,11.5,"NOP",NA,"22:00",NA,8,"Summer"
2011-08-10,59.74,-112.22,"Wood Buffalo NP","WBBP","UC0230","Myotis lucifugus","Female","Adult",7.800000191,NA,38.20000076,12,"NOP",NA,"22:00",NA,8,"Summer"
2011-08-10,59.74,-112.22,"Wood Buffalo NP","WBBP","UC0232","Myotis lucifugus","Female","Juvenile",7.400000095,NA,38,12,"JUV",NA,"22:00",NA,8,"Summer"
2011-08-10,59.74,-112.22,"Wood Buffalo NP","WBBP","UC0233","Myotis lucifugus","Female","Juvenile",7.400000095,NA,37.90000153,13,"JUV",NA,"22:00",NA,8,"Summer"
2011-08-10,59.74,-112.22,"Wood Buffalo NP","WBBP","UC0238","Myotis lucifugus","Female","Juvenile",7.699999809,NA,37.40000153,11,"JUV",NA,"22:00",NA,8,"Summer"
2011-08-10,59.74,-112.22,"Wood Buffalo NP","WBBP","UC0240","Myotis lucifugus","Female","Adult",8.5,NA,39.59999847,13,"NOP",NA,"22:00",NA,8,"Summer"
2011-08-10,59.74,-112.22,"Wood Buffalo NP","WBBP","UC0241","Myotis lucifugus","Female","Juvenile",8.100000381,NA,38.90000153,12,"JUV",NA,"22:00",NA,8,"Summer"
2011-08-10,59.74,-112.22,"Wood Buffalo NP","WBBP","UC0242","Myotis lucifugus","Female","Adult",8.699999809,NA,39.29999924,12,"NOP",NA,"22:00",NA,8,"Summer"
2011-08-10,59.74,-112.22,"Wood Buffalo NP","WBBP","UC0243","Myotis lucifugus","Female","Adult",7.800000191,NA,38.90000153,11,"NOP",NA,"22:00",NA,8,"Summer"
2011-08-10,59.74,-112.22,"Wood Buffalo NP","WBBP","UC0244","Myotis lucifugus","Female","Juvenile",7.400000095,NA,38.20000076,11,"JUV",NA,"22:00",NA,8,"Summer"
2011-08-10,59.74,-112.22,"Wood Buffalo NP","WBBP","UC0246","Myotis lucifugus","Female","Adult",8.699999809,NA,39.70000076,13,"NOP",NA,"22:00",NA,8,"Summer"
2011-08-11,60.09,-112.25,"Salt River","Thebacha cabins","UC0251","Myotis lucifugus","Female","Juvenile",6.800000191,NA,38.70000076,13,"JUV",NA,"21:53","22:30",8,"Summer"
2011-08-11,60.09,-112.25,"Salt River","Thebacha cabins","UC0254","Myotis lucifugus","Female","Adult",10.69999981,NA,39.90000153,12,"POST",NA,"22:06","23:00",8,"Summer"
2011-08-11,60.09,-112.25,"Salt River","Thebacha cabins","UC0255","Myotis lucifugus","Female","Juvenile",9,NA,38.79999924,12,"JUV","mud all over wings and forearm","4:39","4:39",8,"Summer"
2011-08-11,60.09,-112.25,"Salt River","Thebacha cabins","UC0256","Myotis lucifugus","Female","Juvenile",9,NA,39.09999847,12,"JUV","weird black worm (kept in vial)","4:39","4:41",8,"Summer"
2011-08-14,59.7,-112.2,"Wood Buffalo NP","Rave Cave","UC0257","Myotis lucifugus","Female","Adult",7.099999905,NA,37.90000153,12.5,"NOP","fluffy coat","22:56","23:35",8,"Summer"
2011-08-15,60.1,-112.24,"Salt River","SR Community","UC0260","Myotis lucifugus","Female","Juvenile",7.599999905,NA,38.79999924,12,"JUV",NA,"22:08","23:11",8,"Summer"
2011-08-15,60.1,-112.24,"Salt River","SR Community","UC0261","Myotis lucifugus","Female","Juvenile",7.400000095,NA,38,12,"JUV",NA,"22:15","23:15",8,"Summer"
2011-08-15,60.1,-112.24,"Salt River","SR Community","UC0262","Myotis lucifugus","Female","Adult",9.600000381,NA,38.29999924,13,"NOP","orange mite in ear.","22:20","23:18",8,"Summer"
2011-08-16,60.04,-112.73,"Little Buffalo Falls","NTBP","UC0263","Myotis lucifugus","Male","Juvenile",8.5,NA,38.90000153,12,"JUV",NA,"22:15","23:11",8,"Summer"
2011-08-16,60.04,-112.73,"Little Buffalo Falls","NTBP","UC0268","Myotis lucifugus","Female","Adult",9.5,NA,36,11,"NOP",NA,"22:23","23:37",8,"Summer"
2011-08-16,60.04,-112.73,"Little Buffalo Falls","NTBP","UC0271","Myotis lucifugus","Female","Juvenile",7.300000191,NA,37.29999924,13,"JUV",NA,"22:38","23:51",8,"Summer"
2011-08-16,60.04,-112.73,"Little Buffalo Falls","NTBP","UC0273","Myotis lucifugus","Female","Juvenile",8.100000381,NA,39.29999924,12.5,"JUV","tiny bit of mud on forearm","23:06","0:05",8,"Summer"
2011-08-16,60.04,-112.73,"Little Buffalo Falls","NTBP","UC0275","Myotis lucifugus","Female","Juvenile",8.800000191,NA,36.20000076,12,"JUV",NA,"23:12","0:10",8,"Summer"
2011-08-16,60.04,-112.73,"Little Buffalo Falls","NTBP","UC0276","Myotis lucifugus","Female","Juvenile",7.900000095,NA,36.29999924,13,"JUV",NA,"23:14","0:15",8,"Summer"
2011-08-16,60.04,-112.73,"Little Buffalo Falls","NTBP","UC0277","Myotis lucifugus","Male","Juvenile",8.199999809,NA,37.59999847,12.5,"JUV",NA,"23:15","0:18",8,"Summer"
2011-08-17,60.04,-112.7,"Little Buffalo Falls","Little Buffalo Falls","UC0280","Myotis lucifugus","Female","Juvenile",8.399999619,NA,38.5,11,"JUV",NA,"22:20","23:13",8,"Summer"
2011-08-18,60.1,-112.2,"Salt River","DT11","UC0290","Myotis lucifugus","Female","Adult",9,NA,39.59999847,12.5,"POST",NA,"21:55","22:57",8,"Summer"
2011-08-18,60.1,-112.2,"Salt River","DT11","UC0291","Myotis lucifugus","Female","Juvenile",9.100000381,NA,38.20000076,12,"JUV",NA,"21:57","23:00",8,"Summer"
2011-08-18,60.1,-112.2,"Salt River","DT11","UC0292","Myotis lucifugus","Female","Adult",10.89999962,NA,39.40000153,14,"POST","Lrge nipples, no milk expressed","21:59","23:10",8,"Summer"
2011-08-18,60.1,-112.2,"Salt River","DT11","UC0293","Myotis lucifugus","Female","Juvenile",8,NA,38.29999924,12,"JUV","small bit of mud on forearm","22:19","23:18",8,"Summer"
2011-08-18,60.1,-112.2,"Salt River","DT11","UC0294","Myotis lucifugus","Female","Juvenile",8.199999809,NA,38.90000153,12,"JUV",NA,"22:20","23:22",8,"Summer"
2011-08-18,60.1,-112.2,"Salt River","DT11","UC0295","Myotis lucifugus","Female","Juvenile",8.300000191,NA,40.09999847,13,"JUV",NA,"22:47","23:55",8,"Summer"
2011-08-18,60.1,-112.2,"Salt River","DT11","UC0296","Myotis lucifugus","Female","Adult",9.399999619,NA,38.5,12,"POST",NA,"23:06","0:06",8,"Summer"
2011-08-18,60.1,-112.2,"Salt River","DT11","UC0298","Myotis lucifugus","Female","Juvenile",8.600000381,NA,39.5,12.5,"JUV","recorded echolocation calls","0:45","1:47",8,"Summer"
2011-08-22,60.09,-112.25,"Salt River","Thebacha cabins - main lodge","UC0297","Myotis lucifugus","Female","Juvenile",7.300000191,NA,39.40000153,12,"JUV","recapture from across the river","21:26","22:34",8,"Summer"
2011-08-22,60.09,-112.25,"Salt River","Thebacha cabins - main lodge","UC0298","Myotis lucifugus","Female","Adult",9.699999809,NA,39.29999924,12.5,"LAC","missing front right tooth; expressed milk","21:40","22:42",8,"Summer"
2011-08-22,60.09,-112.25,"Salt River","Thebacha cabins - main lodge","UC0300","Myotis lucifugus","Female","Juvenile",6.900000095,NA,36.90000153,12,"JUV",NA,"21:50","22:54",8,"Summer"
2011-08-26,59.74,-112.22,"Wood Buffalo NP","WBBP","UC0301","Myotis lucifugus","Female","Juvenile",7.300000191,NA,38.59999847,12,"JUV",NA,"21:41","23:18",8,"Summer"
2011-08-26,59.74,-112.22,"Wood Buffalo NP","WBBP","UC0303","Myotis lucifugus","Female","Juvenile",7.699999809,NA,39.29999924,14,"JUV",NA,"21:15","23:03",8,"Summer"
2011-08-26,59.74,-112.22,"Wood Buffalo NP","WBBP","UC0306","Myotis lucifugus","Female","Adult",10.89999962,NA,38.40000153,12,"NOP",NA,"21:42","23:20",8,"Summer"
2011-08-26,59.74,-112.22,"Wood Buffalo NP","WBBP","UC0307","Myotis lucifugus","Female","Adult",11.39999962,NA,38.20000076,13,"POST",NA,"21:51","23:29",8,"Summer"
2011-08-26,59.74,-112.22,"Wood Buffalo NP","WBBP","UC0310","Myotis lucifugus","Female","Adult",10.80000019,NA,39.20000076,14,"POST",NA,"21:57","23:35",8,"Summer"
2011-08-26,59.74,-112.22,"Wood Buffalo NP","WBBP","UC0311","Myotis lucifugus","Female","Adult",8.399999619,NA,36.20000076,12,"POST",NA,"21:58","23:36",8,"Summer"
2011-08-26,59.74,-112.22,"Wood Buffalo NP","WBBP","UC0312","Myotis lucifugus","Female","Adult",12.39999962,NA,40,14,"POST",NA,"21:59","23:37",8,"Summer"
2011-08-26,59.74,-112.22,"Wood Buffalo NP","WBBP","UC0313","Myotis lucifugus","Female","Adult",11.19999981,NA,38.29999924,12,"POST",NA,"22:00","23:38",8,"Summer"
2011-08-26,59.74,-112.22,"Wood Buffalo NP","WBBP","UC0314","Myotis lucifugus","Female","Adult",10.39999962,NA,39.29999924,12,"POST",NA,"22:01","23:39",8,"Summer"
2011-08-26,59.74,-112.22,"Wood Buffalo NP","WBBP","UC0323","Myotis lucifugus","Female","Adult",13.60000038,NA,39.90000153,14,"POST",NA,"22:11","23:49",8,"Summer"
2011-08-26,59.74,-112.22,"Wood Buffalo NP","WBBP","UC0326","Myotis lucifugus","Female","Adult",10.39999962,NA,38.40000153,14,"POST","Emerging from cave","22:40","0:18",8,"Summer"
2011-08-26,59.74,-112.22,"Wood Buffalo NP","WBBP","UC0327","Myotis lucifugus","Female","Juvenile",8.399999619,NA,38.40000153,12,"JUV","Emerging from cave","22:41","0:19",8,"Summer"
2011-08-27,60.04,-112.73,"Little Buffalo Falls","NTBP","UC0336","Myotis lucifugus","Female","Adult",8.100000381,NA,38,12,"POST",NA,"22:41","23:43",8,"Summer"
2011-08-29,59.7,-112.2,"Wood Buffalo NP","Walk-in Cave","UC0339","Myotis lucifugus","Female","Adult",9,NA,38.20000076,13,"NOP",NA,"21:25","22:29",8,"Summer"
2011-08-29,59.7,-112.2,"Wood Buffalo NP","Walk-in Cave","UC0341","Myotis lucifugus","Female","Adult",11.39999962,NA,39.29999924,12.5,"POST","very bare nips; partial hair regrowth","23:32","22:46",8,"Summer"
2011-08-30,60.94,-117.42,"Kakisa","Kakisa town","UC0348","Myotis lucifugus","Female","Juvenile",7.800000191,NA,39.20000076,12,"JUV",NA,"21:30","22:44",8,"Summer"
2011-08-30,60.94,-117.42,"Kakisa","Kakisa town","UC0351","Myotis lucifugus","Female","Juvenile",10.30000019,NA,38.90000153,13,"NOP",NA,"21:33","22:48",8,"Summer"
2011-08-30,60.94,-117.42,"Kakisa","Kakisa town","UC0354","Myotis lucifugus","Female","Juvenile",8.300000191,NA,39.79999924,14,"JUV",NA,"21:36","22:53",8,"Summer"
2011-08-30,60.94,-117.42,"Kakisa","Kakisa town","UC0356","Myotis lucifugus","Female","Juvenile",7.5,NA,39.70000076,14,"JUV",NA,"21:38","22:57",8,"Summer"
2011-08-30,60.94,-117.42,"Kakisa","Kakisa town","UC0357","Myotis lucifugus","Female","Juvenile",7.099999905,NA,39.5,13,"JUV",NA,"21:39","22:58",8,"Summer"
2011-08-30,60.94,-117.42,"Kakisa","Kakisa town","UC0358","Myotis lucifugus","Female","Adult",8,NA,39.90000153,13,"POST","slightly bare nips; looks like dry milk around nips","21:40","23:03",8,"Summer"
2011-08-30,60.94,-117.42,"Kakisa","Kakisa town","UC0360","Myotis lucifugus","Female","Juvenile",7.900000095,NA,39.29999924,13,"JUV",NA,"21:42","23:06",8,"Summer"
2011-08-30,60.94,-117.42,"Kakisa","Kakisa town","UC0361","Myotis lucifugus","Female","Adult",10,NA,40.79999924,12,"POST",NA,"21:43","23:09",8,"Summer"
2011-08-30,60.94,-117.42,"Kakisa","Kakisa town","UC0362","Myotis lucifugus","Male","Juvenile",7.800000191,NA,36.90000153,13,"JUV",NA,"21:51","23:11",8,"Summer"
2011-08-30,60.94,-117.42,"Kakisa","Kakisa town","UC0363","Myotis lucifugus","Female","Juvenile",8.5,NA,38.59999847,13,"JUV",NA,"21:52","23:13",8,"Summer"
2011-08-30,60.94,-117.42,"Kakisa","Kakisa town","UC0364","Myotis lucifugus","Female","Juvenile",7.900000095,NA,38,13,"JUV",NA,"21:54","23:15",8,"Summer"
2011-08-30,60.94,-117.42,"Kakisa","Kakisa town","UC0365","Myotis lucifugus","Female","Juvenile",8.199999809,NA,38.20000076,12,"JUV",NA,"21:55","23:17",8,"Summer"
2011-08-30,60.94,-117.42,"Kakisa","Kakisa town","UC0366","Myotis lucifugus","Female","Adult",10.69999981,NA,39.5,13,"NOP",NA,"21:59","23:20",8,"Summer"
2011-09-02,60.1,-112.2,"Salt River","DT11","UC0297","Myotis lucifugus","Female","Juvenile",8.100000381,NA,39.59999847,12.5,"JUV","* recapture from day use colony","21:28","22:35",9,"Fall"
2011-09-02,60.1,-112.2,"Salt River","DT11","UC0368","Myotis lucifugus","Female","Juvenile",9,NA,40.40000153,11,"JUV",NA,"21:32","22:38",9,"Fall"
2011-09-06,59.74,-112.22,"Wood Buffalo NP","WBBP","UC0379","Myotis lucifugus","Female","Adult",11.5,NA,37.40000153,12,"POST","Emerging from cave","21:24","22:56",9,"Fall"
2011-09-06,59.74,-112.22,"Wood Buffalo NP","WBBP","UC0386","Myotis lucifugus","Female","Adult",11.10000038,NA,39.20000076,14,"POST","Emerging from cave","21:29","23:24",9,"Fall"
2011-09-06,59.74,-112.22,"Wood Buffalo NP","WBBP","UC0387","Myotis lucifugus","Female","Juvenile",9.100000381,NA,38.09999847,14,"JUV","Emerging from cave","21:33","23:27",9,"Fall"
2011-09-06,59.74,-112.22,"Wood Buffalo NP","WBBP","UC0390","Myotis lucifugus","Female","Juvenile",7.800000191,NA,37.5,12,"JUV","Emerging from cave","21:35","23:41",9,"Fall"
2011-09-06,59.74,-112.22,"Wood Buffalo NP","WBBP","UC0391","Myotis lucifugus","Female","Adult",11.39999962,NA,39.5,12,"POST","Emerging from cave","21:40","23:45",9,"Fall"
2011-09-06,59.74,-112.22,"Wood Buffalo NP","WBBP","UC0393","Myotis lucifugus","Female","Adult",11.69999981,NA,39.29999924,11.5,"POST","Emerging from cave","21:37","23:54",9,"Fall"
2011-09-06,59.74,-112.22,"Wood Buffalo NP","WBBP","UC0394","Myotis lucifugus","Female","Juvenile",6.599999905,NA,38.40000153,11,"JUV","Emerging from cave","21:38","23:58",9,"Fall"
2011-09-06,59.74,-112.22,"Wood Buffalo NP","WBBP","UC0399","Myotis lucifugus","Female","Juvenile",9.800000191,NA,37.90000153,12,"JUV","Emerging from cave","21:43","0:15",9,"Fall"
2011-09-06,59.74,-112.22,"Wood Buffalo NP","WBBP","UC0400","Myotis lucifugus","Female","Adult",9.699999809,NA,39.40000153,11,"POST",NA,"21:46","0:23",9,"Fall"
2011-09-06,59.74,-112.22,"Wood Buffalo NP","WBBP","UC0406","Myotis lucifugus","Female","Juvenile",8.300000191,NA,39.09999847,14,"JUV",NA,"22:21","0:41",9,"Fall"
2012-06-06,60.09,-112.25,"Salt River","Thebacha cabins","UC0416","Myotis lucifugus","Female","Adult",9,NA,37.09999847,11,"NOP","nips not calloused","23:44","0:15",6,"Summer"
2012-06-06,60.09,-112.25,"Salt River","Thebacha cabins","UC0417","Myotis lucifugus","Female","Adult",10.19999981,NA,38.40000153,12,"NOP",NA,"23:46","0:21",6,"Summer"
2012-06-06,60.09,-112.25,"Salt River","Thebacha cabins","UC0418","Myotis lucifugus","Female","Adult",9,NA,39.20000076,12,"NOP",NA,"23:57","0:27",6,"Summer"
2012-06-07,60.09,-112.25,"Salt River","Thebacha cabins","UC0419","Myotis lucifugus","Female","Adult",9.5,NA,39.90000153,12,"PREG",NA,"23:40","0:40",6,"Summer"
2012-06-07,60.09,-112.25,"Salt River","Thebacha cabins","UC0420","Myotis lucifugus","Female","Adult",9.300000191,NA,38.90000153,13,"PREG",NA,"23:42","0:43",6,"Summer"
2012-06-07,60.09,-112.25,"Salt River","Thebacha cabins","UC0421","Myotis lucifugus","Female","Adult",7.599999905,NA,37.70000076,12,"NOP","orange tick on ear; juv like; sticky dark skin wings; photo of wing","23:48","0:47",6,"Summer"
2012-06-07,60.09,-112.25,"Salt River","Thebacha cabins","UC0422","Myotis lucifugus","Female","Adult",8.899999619,NA,38.40000153,14,"NOP",NA,"23:51","0:52",6,"Summer"
2012-06-07,60.09,-112.25,"Salt River","Thebacha cabins","UC0423","Myotis lucifugus","Female","Adult",7.699999809,NA,39.20000076,13,"NOP","black, sticky skin","23:54","0:57",6,"Summer"
2012-06-07,60.09,-112.25,"Salt River","Thebacha cabins","UC0424","Myotis lucifugus","Female","Adult",8.699999809,NA,38.90000153,13,"PREG",NA,"23:58","1:01",6,"Summer"
2012-06-07,60.09,-112.25,"Salt River","Thebacha cabins","UC0425","Myotis lucifugus","Female","Adult",8.5,NA,39.20000076,12,"PREG","tick","23:59","1:03",6,"Summer"
2012-06-07,60.09,-112.25,"Salt River","Thebacha cabins","UC0426","Myotis lucifugus","Female","Adult",6.699999809,NA,36.90000153,12,"NOP",NA,"0:01","1:06",6,"Summer"
2012-06-07,60.09,-112.25,"Salt River","Thebacha cabins","UC0427","Myotis lucifugus","Female","Adult",8.699999809,NA,40.59999847,11,"PREG",NA,"0:03","1:09",6,"Summer"
2012-06-07,60.09,-112.25,"Salt River","Thebacha cabins","UC0428","Myotis lucifugus","Female","Adult",9.100000381,NA,37.79999924,11,"PREG",NA,"0:04","1:11",6,"Summer"
2012-06-07,60.09,-112.25,"Salt River","Thebacha cabins","UC0429","Myotis lucifugus","Female","Adult",9.199999809,NA,39.90000153,12,"PREG",NA,"0:08","1:14",6,"Summer"
2012-06-07,60.09,-112.25,"Salt River","Thebacha cabins","UC0430","Myotis lucifugus","Female","Adult",7.699999809,NA,38.40000153,11,"NOP",NA,"0:09","1:16",6,"Summer"
2012-06-07,60.09,-112.25,"Salt River","Thebacha cabins","UC0431","Myotis lucifugus","Female","Adult",6.599999905,NA,37.29999924,11,"NOP",NA,"0:18","1:20",6,"Summer"
2012-06-07,60.09,-112.25,"Salt River","Thebacha cabins","UC0432","Myotis lucifugus","Female","Adult",8.5,NA,40.70000076,13,"NOP",NA,"0:19","1:24",6,"Summer"
2012-06-07,60.09,-112.25,"Salt River","Thebacha cabins","UC0433","Myotis lucifugus","Female","Adult",8,NA,40.40000153,12,"PREG","tagged: 151504; 173.1936; ch1","23:46","1:28",6,"Summer"
2012-06-07,60.09,-112.25,"Salt River","Thebacha cabins","UC0434","Myotis lucifugus","Female","Adult",9.5,NA,38.90000153,11,"PREG",NA,"0:24","1:38",6,"Summer"
2012-06-07,60.09,-112.25,"Salt River","Thebacha cabins","UC0435","Myotis lucifugus","Female","Adult",9.199999809,NA,39.90000153,11.5,"PREG","tagged: 151506; 173.2368; ch2","23:53","1:48",6,"Summer"
2012-06-07,60.09,-112.25,"Salt River","Thebacha cabins","UC0437","Myotis lucifugus","Female","Adult",7.900000095,NA,38.70000076,13,"NOP",NA,"0:22","2:07",6,"Summer"
2012-06-07,60.09,-112.25,"Salt River","Thebacha cabins","UC0438","Myotis lucifugus","Female","Adult",8.5,NA,40,11,"PREG","tagged: 161011; 173.293; ch3 *TS","0:36","2:12",6,"Summer"
2012-06-15,60.96,-117.33,"Kakisa","Lady Evelyn Falls Campground","UC0166","Myotis lucifugus","Female","Adult",9.300000191,NA,38.20000076,13,"PREG","*recapture; band dirty, no scarring or tearing","0:39","1:41",6,"Summer"
2012-06-15,60.96,-117.33,"Kakisa","Lady Evelyn Falls Campground","UC0189","Myotis lucifugus","Female","Adult",9.600000381,NA,38,12,"NOP","*recapture; band dirty, no scarring or tearing","0:50","2:03",6,"Summer"
2012-06-15,60.96,-117.33,"Kakisa","Lady Evelyn Falls Campground","UC0192","Myotis lucifugus","Female","Adult",9.600000381,NA,38.70000076,12,"NOP","*recapture; band dirty, no scarring or tearing","0:30","1:34",6,"Summer"
2012-06-15,60.96,-117.33,"Kakisa","Lady Evelyn Falls Campground","UC0218","Myotis lucifugus","Female","Adult",9.600000381,NA,38.40000153,12,"NOP","*recapture; band dirty, no scarring or tearing; band looks excellent","0:28","1:31",6,"Summer"
2012-06-15,60.96,-117.33,"Kakisa","Lady Evelyn Falls Campground","UC0439","Myotis lucifugus","Female","Adult",10.10000038,NA,38.79999924,13,"PREG",NA,"0:13","1:09",6,"Summer"
2012-06-15,60.96,-117.33,"Kakisa","Lady Evelyn Falls Campground","UC0440","Myotis lucifugus","Female","Adult",9,NA,37.90000153,11,"NOP",NA,"0:15","1:13",6,"Summer"
2012-06-15,60.96,-117.33,"Kakisa","Lady Evelyn Falls Campground","UC0441","Myotis lucifugus","Female","Adult",8.899999619,NA,39.59999847,11,"NOP","bare patch on back (photo)","0:16","1:16",6,"Summer"
2012-06-15,60.96,-117.33,"Kakisa","Lady Evelyn Falls Campground","UC0442","Myotis lucifugus","Female","Adult",9,NA,38.40000153,14,"PREG",NA,"0:18","1:20",6,"Summer"
2012-06-15,60.96,-117.33,"Kakisa","Lady Evelyn Falls Campground","UC0443","Myotis lucifugus","Female","Adult",8.399999619,NA,39.20000076,13,"PREG",NA,"0:21","1:23",6,"Summer"
2012-06-15,60.96,-117.33,"Kakisa","Lady Evelyn Falls Campground","UC0444","Myotis lucifugus","Female","Adult",8.399999619,NA,38.40000153,12,"PREG",NA,"0:22","1:26",6,"Summer"
2012-06-15,60.96,-117.33,"Kakisa","Lady Evelyn Falls Campground","UC0445","Myotis lucifugus","Female","Adult",8.899999619,NA,38.59999847,12,"NOP",NA,"0:24","1:29",6,"Summer"
2012-06-15,60.96,-117.33,"Kakisa","Lady Evelyn Falls Campground","UC0446","Myotis lucifugus","Female","Adult",11.69999981,NA,40.70000076,14,"NOP","tick behind ear (collected tick)","0:32","1:36",6,"Summer"
2012-06-15,60.96,-117.33,"Kakisa","Lady Evelyn Falls Campground","UC0447","Myotis lucifugus","Female","Adult",11.10000038,NA,39.79999924,12,"PREG",NA,"0:40","1:44",6,"Summer"
2012-06-15,60.96,-117.33,"Kakisa","Lady Evelyn Falls Campground","UC0448","Myotis lucifugus","Female","Adult",8.600000381,NA,37.79999924,12,"PREG",NA,"0:41","1:47",6,"Summer"
2012-06-15,60.96,-117.33,"Kakisa","Lady Evelyn Falls Campground","UC0449","Myotis lucifugus","Female","Adult",8.899999619,NA,40.09999847,12,"NOP",NA,"0:43","1:49",6,"Summer"
2012-06-15,60.96,-117.33,"Kakisa","Lady Evelyn Falls Campground","UC0450","Myotis lucifugus","Female","Adult",9.100000381,NA,38,12,"NOP",NA,"0:48","1:56",6,"Summer"
2012-06-15,60.96,-117.33,"Kakisa","Lady Evelyn Falls Campground","UC0451","Myotis lucifugus","Female","Adult",9.399999619,NA,40.79999924,12,"NOP","tick behind ear (collected tick); bare back","0:44","1:52",6,"Summer"
2012-06-15,60.96,-117.33,"Kakisa","Lady Evelyn Falls Campground","UC0452","Myotis lucifugus","Female","Adult",8.800000191,NA,40.79999924,14,"NOP","fleas (collected)","0:49","1:58",6,"Summer"
2012-06-15,60.96,-117.33,"Kakisa","Lady Evelyn Falls Campground","UC0453","Myotis lucifugus","Female","Adult",8.100000381,NA,40.5,14,"NOP",NA,"0:53","2:05",6,"Summer"
2012-06-15,60.96,-117.33,"Kakisa","Lady Evelyn Falls Campground","UC0454","Myotis lucifugus","Female","Adult",9.899999619,NA,42.09999847,14,"PREG",NA,"0:54","2:07",6,"Summer"
2012-06-15,60.96,-117.33,"Kakisa","Lady Evelyn Falls Campground","UC0455","Myotis lucifugus","Female","Adult",9.300000191,NA,40.09999847,12,"NOP",NA,"1:01","2:10",6,"Summer"
2012-06-17,60.09,-112.25,"Salt River","Thebacha cabins","UC0019","Myotis lucifugus","Female","Adult",11.10000038,NA,41,12,"PREG","*recapture; no scarring or tearing","23:50","1:36",6,"Summer"
2012-06-17,60.09,-112.25,"Salt River","Thebacha cabins","UC0025","Myotis lucifugus","Female","Adult",9.199999809,NA,37.59999847,11,"PREG","*recapture; band looks good","23:49","1:26",6,"Summer"
2012-06-17,60.09,-112.25,"Salt River","Thebacha cabins","UC0102","Myotis lucifugus","Female","Adult",11.5,NA,41.20000076,12,"PREG","*recapture; no scarring or tearing","23:42","1:00",6,"Summer"
2012-06-17,60.09,-112.25,"Salt River","Thebacha cabins","UC0129","Myotis lucifugus","Female","Adult",7.199999809,NA,36.29999924,12,"NOP","*recapture; no scarring or tearing; tick on right forearm (collected)","0:06","1:56",6,"Summer"
2012-06-17,60.09,-112.25,"Salt River","Thebacha cabins","UC0434","Myotis lucifugus","Female","Adult",9.199999809,NA,39.20000076,13,"PREG","*recapture; no scarring or tearing","23:49","1:34",6,"Summer"
2012-06-17,60.09,-112.25,"Salt River","Thebacha cabins","UC0456","Myotis lucifugus","Female","Adult",9.600000381,NA,38.79999924,11,"NOP",NA,"23:28","0:20",6,"Summer"
2012-06-17,60.09,-112.25,"Salt River","Thebacha cabins","UC0457","Myotis lucifugus","Female","Adult",9.199999809,NA,39.40000153,11,"NOP","tagged: 161012; 173.314; ch4 TS","23:27","0:23",6,"Summer"
2012-06-17,60.09,-112.25,"Salt River","Thebacha cabins","UC0458","Myotis lucifugus","Female","Adult",12,NA,39.90000153,11,"PREG","very preg (obvious fetus)","23:31","0:32",6,"Summer"
2012-06-17,60.09,-112.25,"Salt River","Thebacha cabins","UC0459","Myotis lucifugus","Female","Adult",9,NA,38.29999924,13.5,"NOP",NA,"23:32","0:37",6,"Summer"
2012-06-17,60.09,-112.25,"Salt River","Thebacha cabins","UC0460","Myotis lucifugus","Female","Adult",8.300000191,NA,37.40000153,10,"NOP","tick on right ear (collected tick)","23:38","0:40",6,"Summer"
2012-06-17,60.09,-112.25,"Salt River","Thebacha cabins","UC0461","Myotis lucifugus","Female","Adult",9,NA,38.40000153,12,"NOP",NA,"23:37","0:45",6,"Summer"
2012-06-17,60.09,-112.25,"Salt River","Thebacha cabins","UC0462","Myotis lucifugus","Female","Adult",6.699999809,NA,39.40000153,13,"NOP",NA,"23:38","0:48",6,"Summer"
2012-06-17,60.09,-112.25,"Salt River","Thebacha cabins","UC0463","Myotis lucifugus","Female","Adult",9.300000191,NA,39.09999847,12,"PREG",NA,"23:41","0:54",6,"Summer"
2012-06-17,60.09,-112.25,"Salt River","Thebacha cabins","UC0464","Myotis lucifugus","Female","Adult",9.300000191,NA,39.79999924,12,"PREG","tagged: 161013; 173.477; ch5 TS","23:43","1:04",6,"Summer"
2012-06-17,60.09,-112.25,"Salt River","Thebacha cabins","UC0465","Myotis lucifugus","Female","Adult",9.199999809,NA,37.79999924,12,"PREG","tagged: 161014; 173.4935; ch6 TS; small nips","23:42","1:08",6,"Summer"
2012-06-17,60.09,-112.25,"Salt River","Thebacha cabins","UC0466","Myotis lucifugus","Female","Adult",9.699999809,NA,39.70000076,12,"PREG",NA,"23:45","1:20",6,"Summer"
2012-06-17,60.09,-112.25,"Salt River","Thebacha cabins","UC0467","Myotis lucifugus","Female","Adult",10,NA,39.20000076,13,"PREG","very preg (obvious fetus)","23:49","1:29",6,"Summer"
2012-06-17,60.09,-112.25,"Salt River","Thebacha cabins","UC0468","Myotis lucifugus","Female","Adult",8.199999809,NA,36.70000076,12,"NOP",NA,"23:49","1:31",6,"Summer"
2012-06-17,60.09,-112.25,"Salt River","Thebacha cabins","UC0469","Myotis lucifugus","Female","Adult",8.899999619,NA,38.90000153,12,"PREG",NA,"23:52","1:39",6,"Summer"
2012-06-17,60.09,-112.25,"Salt River","Thebacha cabins","UC0470","Myotis lucifugus","Female","Adult",8.100000381,NA,39.40000153,13,"NOP",NA,"23:54","1:41",6,"Summer"
2012-06-17,60.09,-112.25,"Salt River","Thebacha cabins","UC0471","Myotis lucifugus","Female","Adult",9,NA,38.5,13,"PREG","tick on right wing (collected)","23:55","1:46",6,"Summer"
2012-06-17,60.09,-112.25,"Salt River","Thebacha cabins","UC0472","Myotis lucifugus","Female","Adult",7.099999905,NA,38.59999847,12,"NOP",NA,"23:58","1:50",6,"Summer"
2012-06-17,60.09,-112.25,"Salt River","Thebacha cabins","UC0473","Myotis lucifugus","Female","Adult",10.30000019,NA,39.90000153,13,"PREG",NA,"23:59","1:53",6,"Summer"
2012-06-17,60.09,-112.25,"Salt River","Thebacha cabins","UC0474","Myotis lucifugus","Female","Adult",11.80000019,NA,39.79999924,10,"PREG","very preg (obvious fetus)","0:01","1:54",6,"Summer"
2012-06-19,60.09,-112.25,"Salt River","Thebacha cabins","UC0475","Myotis lucifugus","Female","Adult",9.199999809,NA,38.5,14,"NOP",NA,"23:52","23:56",6,"Summer"
2012-06-19,60.09,-112.25,"Salt River","Thebacha cabins","UC0476","Myotis lucifugus","Female","Adult",9.600000381,NA,39.70000076,13,"LAC","tagged: 173.3920; ch7","0:01","0:03",6,"Summer"
2012-06-19,60.09,-112.25,"Salt River","Thebacha cabins","UC0477","Myotis lucifugus","Female","Adult",7.400000095,NA,38.40000153,12,"NOP",NA,"0:05","0:21",6,"Summer"
2012-06-19,60.09,-112.25,"Salt River","Thebacha cabins","UC0478","Myotis lucifugus","Female","Adult",8.5,NA,38,12.5,"PREG","tagged: 15152; 173.698; ch8","0:12","0:30",6,"Summer"
2012-06-19,60.09,-112.25,"Salt River","Thebacha cabins","UC0479","Myotis lucifugus","Female","Adult",7.699999809,NA,39.59999847,12,"NOP",NA,"0:15","0:41",6,"Summer"
2012-06-27,60.09,-112.25,"Salt River","Thebacha cabins","UC0091","Myotis lucifugus","Female","Adult",9.5,NA,36.5,12,"PREG","recapture; noticable bulge, not bursting","0:04","0:24",6,"Summer"
2012-06-27,60.09,-112.25,"Salt River","Thebacha cabins","UC0131","Myotis lucifugus","Female","Adult",8.100000381,NA,38.20000076,12,"PREG","recapture; band looks good","0:46","1:21",6,"Summer"
2012-06-27,60.09,-112.25,"Salt River","Thebacha cabins","UC0158","Myotis lucifugus","Female","Adult",8.5,NA,40.79999924,12,"NOP","recapture; hairy nips; band chewed, wing looks good","0:08","0:55",6,"Summer"
2012-06-27,60.09,-112.25,"Salt River","Thebacha cabins","UC0202","Myotis lucifugus","Female","Adult",8.699999809,NA,38.20000076,12,"PREG","recapture; band looks good","0:54","1:30",6,"Summer"
2012-06-27,60.09,-112.25,"Salt River","Thebacha cabins","UC0481","Myotis lucifugus","Female","Adult",8.699999809,NA,40.20000076,14,"NOP",NA,"23:43","0:02",6,"Summer"
2012-06-27,60.09,-112.25,"Salt River","Thebacha cabins","UC0482","Myotis lucifugus","Female","Adult",10.89999962,NA,37.20000076,12,"PREG","bursting","23:44","0:13",6,"Summer"
2012-06-27,60.09,-112.25,"Salt River","Thebacha cabins","UC0484","Myotis lucifugus","Female","Adult",9.600000381,NA,38.59999847,14,"PREG",NA,"023:53","0:28",6,"Summer"
2012-06-27,60.09,-112.25,"Salt River","Thebacha cabins","UC0485","Myotis lucifugus","Female","Adult",7.800000191,NA,36.5,12,"PREG",NA,"0:04","0:31",6,"Summer"
2012-06-27,60.09,-112.25,"Salt River","Thebacha cabins","UC0486","Myotis lucifugus","Female","Adult",11.5,NA,40.5,14,"PREG",NA,"23:55","0:33",6,"Summer"
2012-06-27,60.09,-112.25,"Salt River","Thebacha cabins","UC0487","Myotis lucifugus","Female","Adult",8.5,NA,38.5,12,"PREG",NA,"0:05","0:49",6,"Summer"
2012-06-27,60.09,-112.25,"Salt River","Thebacha cabins","UC0488","Myotis lucifugus","Female","Adult",10,NA,38.09999847,12,"PREG","left ear tissue damage (11mm)","0:16","0:59",6,"Summer"
2012-06-27,60.09,-112.25,"Salt River","Thebacha cabins","UC0489","Myotis lucifugus","Female","Adult",8.600000381,NA,40.20000076,13,"LAC","lots of milk expressed","0:17","1:02",6,"Summer"
2012-06-27,60.09,-112.25,"Salt River","Thebacha cabins","UC0490","Myotis lucifugus","Female","Adult",8.5,NA,39.29999924,13,"LAC",NA,"0:27","1:12",6,"Summer"
2012-06-27,60.09,-112.25,"Salt River","Thebacha cabins","UC0491","Myotis lucifugus","Female","Adult",9.300000191,NA,38,11,"PREG",NA,"0:40","1:14",6,"Summer"
2012-06-27,60.09,-112.25,"Salt River","Thebacha cabins","UC0492","Myotis lucifugus","Female","Adult",8.699999809,NA,37.90000153,13,"PREG",NA,"0:42","1:17",6,"Summer"
2012-06-27,60.09,-112.25,"Salt River","Thebacha cabins","UC0493","Myotis lucifugus","Female","Adult",8.100000381,NA,37.79999924,12,"NOP",NA,"0:43","1:18",6,"Summer"
2012-06-27,60.09,-112.25,"Salt River","Thebacha cabins","UC0494","Myotis lucifugus","Female","Adult",12.30000019,NA,38.20000076,13,"PREG","bursting; removed tick from right ear","0:53","1:28",6,"Summer"
2012-06-28,60.96,-117.33,"Kakisa","Lady Evelyn Falls Campground","UC0169","Myotis lucifugus","Female","Adult",9.399999619,NA,40.09999847,12,"LAC","recapture; milk; bare back","0:15","0:56",6,"Summer"
2012-06-28,60.96,-117.33,"Kakisa","Lady Evelyn Falls Campground","UC0220","Myotis lucifugus","Female","Adult",7.900000095,NA,41,14,"PREG","recapture; band looks good; ticks removed","0:30","1:22",6,"Summer"
2012-06-28,60.96,-117.33,"Kakisa","Lady Evelyn Falls Campground","UC0439","Myotis lucifugus","Female","Adult",11.19999981,NA,39.5,12,"PREG","recapture; bursting","0:17","1:13",6,"Summer"
2012-06-28,60.96,-117.33,"Kakisa","Lady Evelyn Falls Campground","UC0440","Myotis lucifugus","Female","Adult",10.19999981,NA,37.90000153,11,"PREG","recapture; band looks good; ticks removed","0:29","1:20",6,"Summer"
2012-06-28,60.96,-117.33,"Kakisa","Lady Evelyn Falls Campground","UC0443","Myotis lucifugus","Female","Adult",9.300000191,NA,39.20000076,13,"PREG","recapture; band looks good","0:28","1:17",6,"Summer"
2012-06-28,60.96,-117.33,"Kakisa","Lady Evelyn Falls Campground","UC0450","Myotis lucifugus","Female","Adult",9.899999619,NA,38,12,"PREG","recapture; big nips; some wing wear from band; net #2","0:38","1:39",6,"Summer"
2012-06-28,60.96,-117.33,"Kakisa","Lady Evelyn Falls Campground","UC0455","Myotis lucifugus","Female","Adult",10.89999962,NA,40.09999847,12,"PREG","recapture; tick removed","0:17","1:08",6,"Summer"
2012-06-28,60.96,-117.33,"Kakisa","Lady Evelyn Falls Campground","UC0495","Myotis lucifugus","Female","Adult",8.199999809,NA,42,13,"NOP",NA,"0:31","1:11",6,"Summer"
2012-06-28,60.96,-117.33,"Kakisa","Lady Evelyn Falls Campground","UC0496","Myotis lucifugus","Female","Adult",10.19999981,NA,40,12,"LAC","milk; tick removed","0:27","1:14",6,"Summer"
2012-06-28,60.96,-117.33,"Kakisa","Lady Evelyn Falls Campground","UC0497","Myotis lucifugus","Female","Adult",10.19999981,NA,40,12,"PREG","ticks removed","0:32","1:26",6,"Summer"
2012-06-28,60.96,-117.33,"Kakisa","Lady Evelyn Falls Campground","UC0498","Myotis lucifugus","Female","Adult",7.800000191,NA,39.5,12,"PREG","ticks removed","0:47","1:28",6,"Summer"
2012-06-28,60.96,-117.33,"Kakisa","Lady Evelyn Falls Campground","UC0499","Myotis lucifugus","Female","Adult",11,NA,41,14,"PREG","hole in right wing; net #2","0:38","1:36",6,"Summer"
2012-06-28,60.96,-117.33,"Kakisa","Lady Evelyn Falls Campground","UC0500","Myotis lucifugus","Female","Adult",10.10000038,NA,39,13,"PREG","ticks removed; net #2","0:45","1:41",6,"Summer"
2012-06-28,60.96,-117.33,"Kakisa","Lady Evelyn Falls Campground","UC0601","Myotis lucifugus","Female","Adult",10.5,NA,40.5,14,"PREG","bare back; ticks removed; net #2","0:45","1:45",6,"Summer"
2012-06-28,60.96,-117.33,"Kakisa","Lady Evelyn Falls Campground","UC0602","Myotis lucifugus","Female","Adult",9.699999809,NA,39.5,13,"PREG",NA,"0:45","1:46",6,"Summer"
2012-07-03,60.09,-112.25,"Salt River","Thebacha cabins","UC0052","Myotis lucifugus","Female","Adult",8.100000381,NA,38.79999924,12,"LAC","milk; radiotagged: 161017; 173.618 (617); ch2 TS","23:28","0:34",7,"Summer"
2012-07-03,60.09,-112.25,"Salt River","Thebacha cabins","UC0085","Myotis lucifugus","Female","Adult",8.100000381,NA,38.90000153,12,"LAC","lots of milk expressed","23:26","0:02",7,"Summer"
2012-07-03,60.09,-112.25,"Salt River","Thebacha cabins","UC0139","Myotis lucifugus","Female","Adult",10.5,NA,40.29999924,12,"PREG",NA,"23:50","1:04",7,"Summer"
2012-07-03,60.09,-112.25,"Salt River","Thebacha cabins","UC0605","Myotis lucifugus","Female","Adult",8.600000381,NA,39.79999924,13,"LAC","milk; radiotagged: 161016; 173.577 (574); ch1 TS","23:27","0:11",7,"Summer"
2012-07-03,60.09,-112.25,"Salt River","Thebacha cabins","UC0606","Myotis lucifugus","Female","Adult",8.100000381,NA,40.20000076,12,"LAC","milk; radiotagged: 161018; 173.655 (654); ch3 TS","23:32","0:46",7,"Summer"
2012-07-03,60.09,-112.25,"Salt River","Thebacha cabins","UC0607","Myotis lucifugus","Female","Adult",11.89999962,NA,40.20000076,11,"PREG",NA,"23:47","0:58",7,"Summer"
2012-07-03,60.09,-112.25,"Salt River","Thebacha cabins","UC0608","Myotis lucifugus","Female","Adult",10.39999962,NA,38.70000076,11,"PREG",NA,"23:54","1:07",7,"Summer"
2012-07-03,60.09,-112.25,"Salt River","Thebacha cabins","UC0609","Myotis lucifugus","Female","Adult",7.400000095,NA,37.29999924,12,"LAC","milk","23:35","1:08",7,"Summer"
2012-07-03,60.09,-112.25,"Salt River","Thebacha cabins","UC0610","Myotis lucifugus","Female","Adult",8.899999619,NA,37.09999847,12,"LAC","milk","23:38","1:10",7,"Summer"
2012-07-03,60.09,-112.25,"Salt River","Thebacha cabins","UC0611","Myotis lucifugus","Female","Adult",8.100000381,NA,39.20000076,11,"LAC","milk","23:38","1:11",7,"Summer"
2012-07-03,60.09,-112.25,"Salt River","Thebacha cabins","UC0612","Myotis lucifugus","Female","Adult",8.600000381,NA,37.40000153,11,"LAC","milk","23:42","1:13",7,"Summer"
2012-07-03,60.09,-112.25,"Salt River","Thebacha cabins","UC0613","Myotis lucifugus","Female","Adult",9.399999619,NA,40,13,"LAC","milk","23:58","1:15",7,"Summer"
2012-07-03,60.09,-112.25,"Salt River","Thebacha cabins","UC0614","Myotis lucifugus","Female","Adult",8.399999619,NA,38.29999924,13,"NOP",NA,"23:58","1:16",7,"Summer"
2012-07-03,60.09,-112.25,"Salt River","Thebacha cabins","UC0615","Myotis lucifugus","Female","Adult",8.899999619,NA,39.5,12.5,"LAC","milk; radiotagged: 161024; 173.980 (9792); ch4 TS","0:13","1:19",7,"Summer"
2012-07-03,60.09,-112.25,"Salt River","Thebacha cabins","UC0616","Myotis lucifugus","Female","Adult",12.10000038,NA,38.59999847,12,"PREG",NA,"0:11","1:22",7,"Summer"
2012-07-03,60.09,-112.25,"Salt River","Thebacha cabins","UC0617","Myotis lucifugus","Female","Adult",11.30000019,NA,37.70000076,13,"PREG",NA,"0:12","1:24",7,"Summer"
2012-07-08,60.09,-112.25,"Salt River","Thebacha cabins","UC0026","Myotis lucifugus","Female","Adult",10,NA,38.79999924,12,"LAC","milk","0:55","1:50",7,"Summer"
2012-07-08,60.09,-112.25,"Salt River","Thebacha cabins","UC0119","Myotis lucifugus","Female","Adult",10.39999962,NA,38.90000153,12,"LAC","milk","1:32","2:27",7,"Summer"
2012-07-08,60.09,-112.25,"Salt River","Thebacha cabins","UC0430","Myotis lucifugus","Female","Adult",8.600000381,NA,38.70000076,13,"NOP",NA,"23:50","23:55",7,"Summer"
2012-07-08,60.09,-112.25,"Salt River","Thebacha cabins","UC0481","Myotis lucifugus","Female","Adult",8.600000381,NA,40.20000076,13,"NOP",NA,"0:11","1:16",7,"Summer"
2012-07-08,60.09,-112.25,"Salt River","Thebacha cabins","UC0618","Myotis lucifugus","Female","Adult",9.399999619,NA,40.40000153,12,"LAC","milk","0:11","1:13",7,"Summer"
2012-07-08,60.09,-112.25,"Salt River","Thebacha cabins","UC0619","Myotis lucifugus","Female","Adult",8.100000381,NA,39.5,11,"NOP",NA,"0:13","1:21",7,"Summer"
2012-07-08,60.09,-112.25,"Salt River","Thebacha cabins","UC0620","Myotis lucifugus","Female","Adult",9.5,NA,38.59999847,12,"LAC","milk","0:55","1:53",7,"Summer"
2012-07-08,60.09,-112.25,"Salt River","Thebacha cabins","UC0622","Myotis lucifugus","Female","Adult",8.800000191,NA,38.40000153,12,"LAC",NA,"0:57","1:56",7,"Summer"
2012-07-08,60.09,-112.25,"Salt River","Thebacha cabins","UC0623","Myotis lucifugus","Female","Adult",10,NA,38.29999924,13.5,"LAC","milk","0:58","2:04",7,"Summer"
2012-07-08,60.09,-112.25,"Salt River","Thebacha cabins","UC0624","Myotis lucifugus","Female","Adult",8.199999809,NA,39.79999924,13,"LAC","milk","0:59","2:07",7,"Summer"
2012-07-08,60.09,-112.25,"Salt River","Thebacha cabins","UC0626","Myotis lucifugus","Male","Juvenile",7.400000095,NA,35,12,"JUV","juvenile; pictures on Laura's camera","0:50","2:14",7,"Summer"
2012-07-08,60.09,-112.25,"Salt River","Thebacha cabins","UC0627","Myotis lucifugus","Female","Adult",9,NA,37.79999924,13,"NOP","fleas; worn wings _ white spots (on L's camera)","1:08","2:19",7,"Summer"
2012-07-08,60.09,-112.25,"Salt River","Thebacha cabins","UC0628","Myotis lucifugus","Female","Adult",8.699999809,NA,38,12,"NOP","spotty wings","1:06","2:23",7,"Summer"
2012-07-08,60.09,-112.25,"Salt River","Thebacha cabins","UC0629","Myotis lucifugus","Female","Adult",9.800000191,NA,39,12,"PREG",NA,"1:33","2:32",7,"Summer"
2012-07-08,60.09,-112.25,"Salt River","Thebacha cabins","UC0630","Myotis lucifugus","Female","Adult",8.899999619,NA,38.09999847,14,"PREG",NA,"1:42","2:33",7,"Summer"
2012-07-08,60.09,-112.25,"Salt River","Thebacha cabins","UC0631","Myotis lucifugus","Female","Adult",10.80000019,NA,38.90000153,13,"LAC",NA,"1:43","2:35",7,"Summer"
2012-07-08,60.09,-112.25,"Salt River","Thebacha cabins","UC0632","Myotis lucifugus","Female","Adult",9,NA,40.20000076,13,"NOP",NA,"1:46","2:38",7,"Summer"
2012-07-09,60.96,-117.33,"Kakisa","Lady Evelyn Falls Campground","UC0164","Myotis lucifugus","Female","Adult",9.199999809,NA,38,13,"NOP","forearm measured w/ ruler","00:10-00:49","1:53",7,"Summer"
2012-07-09,60.96,-117.33,"Kakisa","Lady Evelyn Falls Campground","UC0165","Myotis lucifugus","Female","Adult",10.69999981,NA,42.5,12,"LAC","milk; forearm measured with ruler","00:10-00:49","1:34",7,"Summer"
2012-07-09,60.96,-117.33,"Kakisa","Lady Evelyn Falls Campground","UC0169","Myotis lucifugus","Female","Adult",9.600000381,NA,42,12,"NOP","forearm measured w/ ruler","00:10-00:49","1:39",7,"Summer"
2012-07-09,60.96,-117.33,"Kakisa","Lady Evelyn Falls Campground","UC0172","Myotis lucifugus","Female","Adult",10,NA,40.79999924,13,"NOP","band looks good; fleas","00:10-00:49","0:49",7,"Summer"
2012-07-09,60.96,-117.33,"Kakisa","Lady Evelyn Falls Campground","UC0175","Myotis lucifugus","Female","Adult",12.19999981,NA,39.90000153,14,"PREG","measured forearm with ruler","1:06","1:57",7,"Summer"
2012-07-09,60.96,-117.33,"Kakisa","Lady Evelyn Falls Campground","UC0188","Myotis lucifugus","Female","Adult",9.199999809,NA,39.40000153,13,"NOP","fleas","00:10-00:49","1:00",7,"Summer"
2012-07-09,60.96,-117.33,"Kakisa","Lady Evelyn Falls Campground","UC0223","Myotis lucifugus","Female","Adult",9.5,NA,38.59999847,13,"NOP","banded on left wing _ switched to right","00:10-00:49","1:02",7,"Summer"
2012-07-09,60.96,-117.33,"Kakisa","Lady Evelyn Falls Campground","UC0440","Myotis lucifugus","Female","Adult",9.699999809,NA,38,12,"LAC","band looks good; milk; forearm w/ ruler","1:05","2:02",7,"Summer"
2012-07-09,60.96,-117.33,"Kakisa","Lady Evelyn Falls Campground","UC0444","Myotis lucifugus","Female","Adult",11.19999981,NA,39,12,"PREG","measured forearm with ruler","00:10-00:49","1:36",7,"Summer"
2012-07-09,60.96,-117.33,"Kakisa","Lady Evelyn Falls Campground","UC0498","Myotis lucifugus","Female","Adult",8.600000381,NA,39.90000153,12,"NOP","wing slightly worn under band; forearm w/ ruler","00:10-00:49","1:37",7,"Summer"
2012-07-09,60.96,-117.33,"Kakisa","Lady Evelyn Falls Campground","UC0633","Myotis lucifugus","Female","Adult",11.5,NA,40.20000076,13,"PREG","milk","00:10-00:49","0:52",7,"Summer"
2012-07-09,60.96,-117.33,"Kakisa","Lady Evelyn Falls Campground","UC0634","Myotis lucifugus","Female","Adult",11.69999981,NA,41.20000076,13,"PREG",NA,"00:10-00:49","0:55",7,"Summer"
2012-07-09,60.96,-117.33,"Kakisa","Lady Evelyn Falls Campground","UC0635","Myotis lucifugus","Female","Adult",9.5,NA,38,13,"NOP",NA,"00:10-00:49","0:56",7,"Summer"
2012-07-09,60.96,-117.33,"Kakisa","Lady Evelyn Falls Campground","UC0636","Myotis lucifugus","Female","Adult",7.599999905,NA,40.29999924,12,"NOP",NA,"00:10-00:49","1:04",7,"Summer"
2012-07-09,60.96,-117.33,"Kakisa","Lady Evelyn Falls Campground","UC0637","Myotis lucifugus","Female","Adult",8.800000191,NA,39.90000153,13,"NOP","measured forearm with ruler","00:10-00:49","1:19",7,"Summer"
2012-07-09,60.96,-117.33,"Kakisa","Lady Evelyn Falls Campground","UC0638","Myotis lucifugus","Female","Adult",8.199999809,NA,40.09999847,12,"NOP","forearm measured w/ ruler","00:10-00:49","1:21",7,"Summer"
2012-07-09,60.96,-117.33,"Kakisa","Lady Evelyn Falls Campground","UC0640","Myotis lucifugus","Female","Adult",9.300000191,NA,40.90000153,12.5,"NOP","measured forearm with ruler","00:10-00:49","1:26",7,"Summer"
2012-07-09,60.96,-117.33,"Kakisa","Lady Evelyn Falls Campground","UC0641","Myotis lucifugus","Female","Adult",9,NA,42,14,"NOP","forearm measured w/ ruler","00:10-00:49","1:28",7,"Summer"
2012-07-09,60.96,-117.33,"Kakisa","Lady Evelyn Falls Campground","UC0642","Myotis lucifugus","Female","Adult",9.300000191,NA,40.5,13,"NOP","fleas; forearm w/ ruler","00:10-00:49","1:30",7,"Summer"
2012-07-09,60.96,-117.33,"Kakisa","Lady Evelyn Falls Campground","UC0643","Myotis lucifugus","Female","Adult",9.800000191,NA,40,14,"NOP","forearm measured w/ ruler","00:10-00:49","1:32",7,"Summer"
2012-07-09,60.96,-117.33,"Kakisa","Lady Evelyn Falls Campground","UC0644","Myotis lucifugus","Female","Adult",12.30000019,NA,43,13,"PREG","measured forearm with ruler","00:10-00:49","1:41",7,"Summer"
2012-07-09,60.96,-117.33,"Kakisa","Lady Evelyn Falls Campground","UC0645","Myotis lucifugus","Female","Adult",12.10000038,"*",40.20000076,14,"PREG","measured forearm with ruler","00:10-00:49","1:42",7,"Summer"
2012-07-09,60.96,-117.33,"Kakisa","Lady Evelyn Falls Campground","UC0646","Myotis lucifugus","Female","Adult",8.699999809,NA,41.5,13,"LAC","forearm measured w/ ruler","00:10-00:49","1:47",7,"Summer"
2012-07-09,60.96,-117.33,"Kakisa","Lady Evelyn Falls Campground","UC0647","Myotis lucifugus","Female","Adult",6.300000191,NA,38,1,"NOP","measured forearm with ruler","00:10-00:49","1:49",7,"Summer"
2012-07-09,60.96,-117.33,"Kakisa","Lady Evelyn Falls Campground","UC0648","Myotis lucifugus","Female","Adult",8.699999809,NA,40,12,"NOP","forearm measured w/ ruler","00:10-00:49","1:51",7,"Summer"
2012-07-09,60.96,-117.33,"Kakisa","Lady Evelyn Falls Campground","UC0649","Myotis lucifugus","Female","Adult",11.80000019,NA,40.5,12,"PREG","measured forearm with ruler","00:10-00:49","1:56",7,"Summer"
2012-07-09,60.96,-117.33,"Kakisa","Lady Evelyn Falls Campground","UC0650","Myotis lucifugus","Female","Adult",14.19999981,NA,41,13,"PREG","bare back; big nips; forearm w/ ruler","1:09","1:58",7,"Summer"
2012-07-09,60.96,-117.33,"Kakisa","Lady Evelyn Falls Campground","UC0651","Myotis lucifugus","Female","Adult",9.800000191,NA,40.5,13,"NOP","measured forearm with ruler","1:07","2:00",7,"Summer"
2012-07-09,60.96,-117.33,"Kakisa","Lady Evelyn Falls Campground","UC0652","Myotis lucifugus","Female","Adult",10.80000019,NA,41.5,13,"LAC","milk; forearm measured with ruler","1:10","2:03",7,"Summer"
2012-07-09,60.96,-117.33,"Kakisa","Lady Evelyn Falls Campground","UC0653","Myotis lucifugus","Female","Adult",10.10000038,NA,40.5,14,"NOP","measured forearm with ruler","1:10","2:05",7,"Summer"
2012-07-09,60.96,-117.33,"Kakisa","Lady Evelyn Falls Campground","UC0654","Myotis lucifugus","Female","Adult",9,NA,38,11,"NOP","forearm measured w/ ruler","1:10","2:07",7,"Summer"
2012-07-10,60.09,-112.25,"Salt River","Thebacha cabins","UC0138","Myotis lucifugus","Female","Adult",9.699999809,"*",38.09999847,12,"LAC",NA,"0:35","1:08",7,"Summer"
2012-07-10,60.09,-112.25,"Salt River","Thebacha cabins","UC0655","Myotis lucifugus","Female","Adult",8.5,NA,37.79999924,12,"LAC","radio tagged: 161019; 173.699; ch 5; fleas","23:27","23:37",7,"Summer"
2012-07-10,60.09,-112.25,"Salt River","Thebacha cabins","UC0656","Myotis lucifugus","Female","Adult",10,NA,40.79999924,11,"NOP",NA,"0:32","1:02",7,"Summer"
2012-07-10,60.09,-112.25,"Salt River","Thebacha cabins","UC0657","Myotis lucifugus","Female","Adult",9,NA,39.70000076,13,"NOP",NA,"0:35","1:05",7,"Summer"
2012-07-10,60.09,-112.25,"Salt River","Thebacha cabins","UC0700","Myotis lucifugus","Female","Adult",8.300000191,NA,37.90000153,12,"NOP",NA,"23:54","23:55",7,"Summer"
2012-07-11,60.09,-112.25,"Salt River","Thebacha cabins","UC0002","Myotis lucifugus","Female","Adult",8.399999619,NA,38.70000076,12,"LAC",NA,"23:32","1:33",7,"Summer"
2012-07-11,60.09,-112.25,"Salt River","Thebacha cabins","UC0018","Myotis lucifugus","Female","Adult",8.699999809,NA,39.40000153,12,"LAC",NA,"23:51","1:48",7,"Summer"
2012-07-11,60.09,-112.25,"Salt River","Thebacha cabins","UC0025","Myotis lucifugus","Female","Adult",8.600000381,NA,37.59999847,12,"LAC",NA,"23:13","0:36",7,"Summer"
2012-07-11,60.09,-112.25,"Salt River","Thebacha cabins","UC0101","Myotis lucifugus","Female","Adult",8.899999619,NA,38.29999924,13,"LAC",NA,"0:03","1:07",7,"Summer"
2012-07-11,60.09,-112.25,"Salt River","Thebacha cabins","UC0113","Myotis lucifugus","Female","Adult",9.699999809,NA,40.59999847,11.5,"LAC",NA,"23:10","0:22",7,"Summer"
2012-07-11,60.09,-112.25,"Salt River","Thebacha cabins","UC0150","Myotis lucifugus","Female","Adult",8.600000381,NA,38.59999847,13,"LAC",NA,"23:54","1:04",7,"Summer"
2012-07-11,60.09,-112.25,"Salt River","Thebacha cabins","UC0296","Myotis lucifugus","Female","Adult",8.199999809,NA,38.20000076,13,"LAC",NA,"23:57","1:06",7,"Summer"
2012-07-11,60.09,-112.25,"Salt River","Thebacha cabins","UC0658","Myotis lucifugus","Female","Adult",9,NA,40,13,"LAC",NA,"23:10","0:25",7,"Summer"
2012-07-11,60.09,-112.25,"Salt River","Thebacha cabins","UC0659","Myotis lucifugus","Female","Adult",8.5,NA,39,12,"LAC",NA,"23:10","0:39",7,"Summer"
2012-07-11,60.09,-112.25,"Salt River","Thebacha cabins","UC0660","Myotis lucifugus","Female","Adult",8.899999619,NA,40,12,"LAC",NA,"23:38","0:41",7,"Summer"
2012-07-11,60.09,-112.25,"Salt River","Thebacha cabins","UC0661","Myotis lucifugus","Female","Adult",8.399999619,NA,39.40000153,11,"LAC",NA,"23:20","0:48",7,"Summer"
2012-07-11,60.09,-112.25,"Salt River","Thebacha cabins","UC0662","Myotis lucifugus","Female","Adult",8.399999619,NA,39.59999847,12,"LAC",NA,"23:27","0:58",7,"Summer"
2012-07-11,60.09,-112.25,"Salt River","Thebacha cabins","UC0663","Myotis lucifugus","Female","Adult",9.199999809,NA,40.20000076,12,"LAC",NA,"23:23","0:59",7,"Summer"
2012-07-11,60.09,-112.25,"Salt River","Thebacha cabins","UC0664","Myotis lucifugus","Female","Adult",8.300000191,NA,37.90000153,12,"NOP",NA,"23:26","1:01",7,"Summer"
2012-07-11,60.09,-112.25,"Salt River","Thebacha cabins","UC0665","Myotis lucifugus","Female","Adult",8.199999809,NA,38.79999924,12,"LAC",NA,"0:07","1:10",7,"Summer"
2012-07-11,60.09,-112.25,"Salt River","Thebacha cabins","UC0667","Myotis lucifugus","Female","Adult",8.300000191,NA,38.40000153,12,"LAC",NA,"23:40","1:13",7,"Summer"
2012-07-11,60.09,-112.25,"Salt River","Thebacha cabins","UC0668","Myotis lucifugus","Female","Adult",7.900000095,NA,38.29999924,13,"LAC",NA,"23:29","1:22",7,"Summer"
2012-07-11,60.09,-112.25,"Salt River","Thebacha cabins","UC0669","Myotis lucifugus","Female","Adult",8.800000191,NA,38.79999924,12,"LAC",NA,"23:30","1:31",7,"Summer"
2012-07-11,60.09,-112.25,"Salt River","Thebacha cabins","UC0670","Myotis lucifugus","Female","Adult",9,NA,38.59999847,12,"LAC",NA,"23:30","1:33",7,"Summer"
2012-07-11,60.09,-112.25,"Salt River","Thebacha cabins","UC0671","Myotis lucifugus","Female","Adult",8.699999809,NA,40.20000076,13,"LAC",NA,"23:34","1:37",7,"Summer"
2012-07-11,60.09,-112.25,"Salt River","Thebacha cabins","UC0672","Myotis lucifugus","Female","Adult",7.599999905,NA,38.20000076,12,"LAC",NA,"23:36","1:40",7,"Summer"
2012-07-11,60.09,-112.25,"Salt River","Thebacha cabins","UC0673","Myotis lucifugus","Female","Adult",8.199999809,NA,39.40000153,12,"LAC",NA,"23:43","1:43",7,"Summer"
2012-07-11,60.09,-112.25,"Salt River","Thebacha cabins","UC0674","Myotis lucifugus","Female","Adult",9.100000381,NA,39.90000153,12,"LAC",NA,"23:44","1:46",7,"Summer"
2012-07-18,60.09,-112.25,"Salt River","Thebacha cabins","UC0053","Myotis lucifugus","Female","Adult",8.800000191,NA,39.20000076,13,"LAC",NA,"22:55- 23:35","23:43",7,"Summer"
2012-07-18,60.09,-112.25,"Salt River","Thebacha cabins","UC0071","Myotis lucifugus","Female","Adult",10.89999962,NA,39.79999924,13,"LAC","milk","22:55- 23:35","0:42",7,"Summer"
2012-07-18,60.09,-112.25,"Salt River","Thebacha cabins","UC0417","Myotis lucifugus","Female","Adult",10.39999962,NA,38.5,13,"LAC","milk","22:55- 23:35","0:11",7,"Summer"
2012-07-18,60.09,-112.25,"Salt River","Thebacha cabins","UC0420","Myotis lucifugus","Female","Adult",8.5,NA,39.20000076,12,"POST","nips very dry, little bit of milk","22:55- 23:35","23:47",7,"Summer"
2012-07-18,60.09,-112.25,"Salt River","Thebacha cabins","UC0674","Myotis lucifugus","Female","Juvenile",6.900000095,NA,38.20000076,12,"JUV",NA,"22:55- 23:35","23:50",7,"Summer"
2012-07-18,60.09,-112.25,"Salt River","Thebacha cabins","UC0675","Myotis lucifugus","Male","Juvenile",7,NA,36.79999924,13,"JUV",NA,"22:55- 23:35","23:51",7,"Summer"
2012-07-18,60.09,-112.25,"Salt River","Thebacha cabins","UC0676","Myotis lucifugus","Male","Juvenile",8.100000381,NA,38.70000076,13,"JUV",NA,"22:55- 23:35","23:53",7,"Summer"
2012-07-18,60.09,-112.25,"Salt River","Thebacha cabins","UC0677","Myotis lucifugus","Male","Juvenile",7.300000191,NA,37.59999847,12,"JUV",NA,"22:55- 23:35","23:56",7,"Summer"
2012-07-18,60.09,-112.25,"Salt River","Thebacha cabins","UC0678","Myotis lucifugus","Male","Juvenile",5.900000095,NA,36.59999847,12,"JUV",NA,"22:55- 23:35","23:57",7,"Summer"
2012-07-18,60.09,-112.25,"Salt River","Thebacha cabins","UC0679","Myotis lucifugus","Male","Juvenile",7.400000095,NA,38.20000076,13,"JUV",NA,"22:55- 23:35","23:59",7,"Summer"
2012-07-18,60.09,-112.25,"Salt River","Thebacha cabins","UC0680","Myotis lucifugus","Female","Juvenile",7,NA,39,13,"JUV",NA,"22:55- 23:35","0:01",7,"Summer"
2012-07-18,60.09,-112.25,"Salt River","Thebacha cabins","UC0681","Myotis lucifugus","Female","Adult",8.699999809,NA,39.40000153,13,"LAC","milk","22:55- 23:35","0:02",7,"Summer"
2012-07-18,60.09,-112.25,"Salt River","Thebacha cabins","UC0682","Myotis lucifugus","Female","Adult",8.800000191,NA,38.90000153,12,"POST",NA,"22:55- 23:35","0:08",7,"Summer"
2012-07-18,60.09,-112.25,"Salt River","Thebacha cabins","UC0683","Myotis lucifugus","Female","Adult",8.5,NA,39.09999847,13,"LAC",NA,"22:55- 23:35","0:06",7,"Summer"
2012-07-18,60.09,-112.25,"Salt River","Thebacha cabins","UC0685","Myotis lucifugus","Female","Adult",9.199999809,NA,40.40000153,14,"LAC","milk","22:55- 23:35","0:09",7,"Summer"
2012-07-18,60.09,-112.25,"Salt River","Thebacha cabins","UC0686","Myotis lucifugus","Female","Adult",9.300000191,NA,39.90000153,13,"LAC","milk","22:55- 23:35","0:10",7,"Summer"
2012-07-18,60.09,-112.25,"Salt River","Thebacha cabins","UC0687","Myotis lucifugus","Female","Adult",9,NA,38.79999924,12,"POST",NA,"22:55- 23:35","0:13",7,"Summer"
2012-07-18,60.09,-112.25,"Salt River","Thebacha cabins","UC0688","Myotis lucifugus","Female","Adult",9.800000191,NA,38.79999924,13,"LAC","milk","22:55- 23:35","0:15",7,"Summer"
2012-07-18,60.09,-112.25,"Salt River","Thebacha cabins","UC0689","Myotis lucifugus","Female","Adult",9.100000381,NA,40.09999847,13,"LAC","milk","22:55- 23:35","0:16",7,"Summer"
2012-07-18,60.09,-112.25,"Salt River","Thebacha cabins","UC0690","Myotis lucifugus","Female","Adult",8.899999619,NA,39.59999847,13,"NOP",NA,"22:55- 23:35","0:17",7,"Summer"
2012-07-18,60.09,-112.25,"Salt River","Thebacha cabins","UC0691","Myotis lucifugus","Female","Adult",8.699999809,NA,38.20000076,13,"LAC","milk","22:55- 23:35","0:23",7,"Summer"
2012-07-18,60.09,-112.25,"Salt River","Thebacha cabins","UC0692","Myotis lucifugus","Female","Adult",8.899999619,NA,38.90000153,12,"LAC","milk","22:55- 23:35","0:25",7,"Summer"
2012-07-18,60.09,-112.25,"Salt River","Thebacha cabins","UC0693","Myotis lucifugus","Female","Juvenile",8.100000381,NA,39.40000153,12,"JUV",NA,"22:55- 23:35","0:27",7,"Summer"
2012-07-18,60.09,-112.25,"Salt River","Thebacha cabins","UC0694","Myotis lucifugus","Female","Adult",9,NA,39.20000076,12,"NOP",NA,"22:55- 23:35","0:29",7,"Summer"
2012-07-18,60.09,-112.25,"Salt River","Thebacha cabins","UC0695","Myotis lucifugus","Female","Adult",8.100000381,NA,39.5,13,"POST",NA,"22:55- 23:35","0:31",7,"Summer"
2012-07-18,60.09,-112.25,"Salt River","Thebacha cabins","UC0696","Myotis lucifugus","Female","Adult",9.199999809,NA,39.5,13,"LAC","milk","22:55- 23:35","0:34",7,"Summer"
2012-07-18,60.09,-112.25,"Salt River","Thebacha cabins","UC0697","Myotis lucifugus","Female","Adult",9.699999809,NA,40.09999847,13,"LAC","no left tragus; milk","22:55- 23:35","0:38",7,"Summer"
2012-07-18,60.09,-112.25,"Salt River","Thebacha cabins","UC0698","Myotis lucifugus","Female","Adult",8.600000381,NA,38.59999847,12,"LAC","milk","22:55- 23:35","0:37",7,"Summer"
2012-07-18,60.09,-112.25,"Salt River","Thebacha cabins","UC0699","Myotis lucifugus","Female","Adult",8.699999809,NA,39.90000153,13,"LAC","milk","22:55- 23:35","0:40",7,"Summer"
2012-07-18,60.09,-112.25,"Salt River","Thebacha cabins","UC0701","Myotis lucifugus","Female","Adult",8.300000191,NA,38.59999847,13,"LAC","milk","22:55- 23:35","0:50",7,"Summer"
2012-07-18,60.09,-112.25,"Salt River","Thebacha cabins","UC0702","Myotis lucifugus","Male","Juvenile",7.900000095,NA,39,12,"JUV",NA,"22:55- 23:35","0:52",7,"Summer"
2012-07-18,60.09,-112.25,"Salt River","Thebacha cabins","UC0703","Myotis lucifugus","Male","Juvenile",6.900000095,NA,38.20000076,12,"JUV",NA,"22:55- 23:35","0:54",7,"Summer"
2012-07-18,60.09,-112.25,"Salt River","Thebacha cabins","UC0704","Myotis lucifugus","Female","Juvenile",7.199999809,NA,39.09999847,13,"JUV","tick behind right ear","22:55- 23:35","0:57",7,"Summer"
2012-07-18,60.09,-112.25,"Salt River","Thebacha cabins","UC0705","Myotis lucifugus","Male","Juvenile",7.199999809,NA,37.40000153,12,"JUV",NA,"23:35","0:59",7,"Summer"
2012-07-19,60.96,-117.33,"Kakisa","Lady Evelyn Falls Campground","UC0176","Myotis lucifugus","Female","Adult",10.39999962,NA,40,13,"LAC",NA,"0:40","1:24",7,"Summer"
2012-07-19,60.96,-117.33,"Kakisa","Lady Evelyn Falls Campground","UC0188","Myotis lucifugus","Female","Adult",9.199999809,NA,39.20000076,14,"NOP",NA,"23:58","1:08",7,"Summer"
2012-07-19,60.96,-117.33,"Kakisa","Lady Evelyn Falls Campground","UC0195","Myotis lucifugus","Female","Adult",9.699999809,NA,40.40000153,13,"NOP",NA,"0:38","1:16",7,"Summer"
2012-07-19,60.96,-117.33,"Kakisa","Lady Evelyn Falls Campground","UC0197","Myotis lucifugus","Female","Adult",10.89999962,NA,38.70000076,12,"LAC","bare back","0:40","1:28",7,"Summer"
2012-07-19,60.96,-117.33,"Kakisa","Lady Evelyn Falls Campground","UC0214","Myotis lucifugus","Female","Adult",8.199999809,NA,36.40000153,12,"NOP",NA,"0:40","1:26",7,"Summer"
2012-07-19,60.96,-117.33,"Kakisa","Lady Evelyn Falls Campground","UC0443","Myotis lucifugus","Female","Adult",10,NA,38.90000153,12,"NOP","1 x 6 m behind shower building, 1 x 9 m in forest - open at 11:25","23:58","1:05",7,"Summer"
2012-07-19,60.96,-117.33,"Kakisa","Lady Evelyn Falls Campground","UC0444","Myotis lucifugus","Female","Adult",9.699999809,NA,38.20000076,11,"PREG","milk","0:38","1:22",7,"Summer"
2012-07-19,60.96,-117.33,"Kakisa","Lady Evelyn Falls Campground","UC0641","Myotis lucifugus","Female","Adult",9.300000191,NA,41.29999924,12,"NOP",NA,"0:15","1:13",7,"Summer"
2012-07-19,60.96,-117.33,"Kakisa","Lady Evelyn Falls Campground","UC0646","Myotis lucifugus","Female","Adult",9.399999619,NA,40.5,13,"NOP","fleas","0:15","1:15",7,"Summer"
2012-07-19,60.96,-117.33,"Kakisa","Lady Evelyn Falls Campground","UC0651","Myotis lucifugus","Female","Adult",10.39999962,NA,39.40000153,12,"PREG","feels like early preg","23:58","1:11",7,"Summer"
2012-07-19,60.96,-117.33,"Kakisa","Lady Evelyn Falls Campground","UC0654","Myotis lucifugus","Female","Adult",8.100000381,NA,36.5,13,"NOP",NA,"23:58","1:06",7,"Summer"
2012-07-19,60.96,-117.33,"Kakisa","Lady Evelyn Falls Campground","UC0736","Myotis lucifugus","Female","Adult",12.30000019,NA,40.5,13,"LAC",NA,"0:53","1:56",7,"Summer"
2012-07-19,60.96,-117.33,"Kakisa","Lady Evelyn Falls Campground","UC0737","Myotis lucifugus","Female","Adult",10.39999962,NA,38.09999847,13,"LAC","expressed milk","0:53","1:54",7,"Summer"
2012-07-19,60.96,-117.33,"Kakisa","Lady Evelyn Falls Campground","UC0738","Myotis lucifugus","Female","Adult",10,NA,39.29999924,12,"NOP",NA,"0:48","1:52",7,"Summer"
2012-07-19,60.96,-117.33,"Kakisa","Lady Evelyn Falls Campground","UC0739","Myotis lucifugus","Female","Adult",9.5,NA,38.79999924,12,"NOP",NA,"0:38","1:50",7,"Summer"
2012-07-19,60.96,-117.33,"Kakisa","Lady Evelyn Falls Campground","UC0740","Myotis lucifugus","Female","Adult",9.699999809,NA,40,14,"NOP",NA,"0:38","1:50",7,"Summer"
2012-07-19,60.96,-117.33,"Kakisa","Lady Evelyn Falls Campground","UC0743","Myotis lucifugus","Female","Adult",9.699999809,NA,40.59999847,14,"NOP",NA,"0:15","1:43",7,"Summer"
2012-07-19,60.96,-117.33,"Kakisa","Lady Evelyn Falls Campground","UC0744","Myotis lucifugus","Female","Adult",10.5,NA,40,12,"NOP",NA,"0:10","1:42",7,"Summer"
2012-07-19,60.96,-117.33,"Kakisa","Lady Evelyn Falls Campground","UC0745","Myotis lucifugus","Female","Adult",8.899999619,NA,39,13,"NOP",NA,"0:08","1:40",7,"Summer"
2012-07-19,60.96,-117.33,"Kakisa","Lady Evelyn Falls Campground","UC0746","Myotis lucifugus","Female","Adult",9.399999619,NA,40.59999847,12,"LAC",NA,"23:58","1:39",7,"Summer"
2012-07-19,60.96,-117.33,"Kakisa","Lady Evelyn Falls Campground","UC0747","Myotis lucifugus","Female","Adult",8.600000381,NA,38.20000076,13.5,"NOP","fleas","23:58","1:38",7,"Summer"
2012-07-19,60.96,-117.33,"Kakisa","Lady Evelyn Falls Campground","UC0748","Myotis lucifugus","Female","Adult",9.300000191,NA,40,12,"NOP",NA,"23:58","1:35",7,"Summer"
2012-07-19,60.96,-117.33,"Kakisa","Lady Evelyn Falls Campground","UC0749","Myotis lucifugus","Female","Adult",8.600000381,NA,38.79999924,11,"NOP",NA,"23:58","1:33",7,"Summer"
2012-07-19,60.96,-117.33,"Kakisa","Lady Evelyn Falls Campground","UC0750","Myotis lucifugus","Female","Adult",10.60000038,NA,38.59999847,14,"LAC","milk","0:38","1:18",7,"Summer"
2012-07-24,60.96,-117.33,"Kakisa","Lady Evelyn Falls Campground","UC0168","Myotis lucifugus","Female","Adult",9.300000191,NA,39.79999924,13,"LAC","milk","23:50","0:08",7,"Summer"
2012-07-24,60.96,-117.33,"Kakisa","Lady Evelyn Falls Campground","UC0638","Myotis lucifugus","Female","Adult",8.899999619,NA,39.09999847,12,"NOP",NA,"23:51","0:12",7,"Summer"
2012-07-24,60.96,-117.33,"Kakisa","Lady Evelyn Falls Campground","UC0717","Myotis lucifugus","Female","Adult",9.399999619,"*",38,13,"NOP","Full belly","0:58","2:01",7,"Summer"
2012-07-24,60.96,-117.33,"Kakisa","Lady Evelyn Falls Campground","UC0718","Myotis lucifugus","Female","Adult",11.80000019,"*",39.90000153,12,"LAC","Full belly","0:40","1:58",7,"Summer"
2012-07-24,60.96,-117.33,"Kakisa","Lady Evelyn Falls Campground","UC0719","Myotis lucifugus","Female","Adult",10.5,NA,41,12,"NOP",NA,"0:40","1:56",7,"Summer"
2012-07-24,60.96,-117.33,"Kakisa","Lady Evelyn Falls Campground","UC0721","Myotis lucifugus","Female","Adult",10,"*",39.79999924,13,"LAC","Full belly","0:40","1:51",7,"Summer"
2012-07-24,60.96,-117.33,"Kakisa","Lady Evelyn Falls Campground","UC0722","Myotis lucifugus","Female","Adult",11.39999962,"*",41.5,14,"LAC","Full belly; milk, smallish nips","0:40","1:49",7,"Summer"
2012-07-24,60.96,-117.33,"Kakisa","Lady Evelyn Falls Campground","UC0723","Myotis lucifugus","Female","Adult",11.19999981,NA,39,11,"NOP",NA,"0:30","1:47",7,"Summer"
2012-07-24,60.96,-117.33,"Kakisa","Lady Evelyn Falls Campground","UC0724","Myotis lucifugus","Female","Adult",9.800000191,NA,39.90000153,13,"LAC",NA,"0:30","1:46",7,"Summer"
2012-07-24,60.96,-117.33,"Kakisa","Lady Evelyn Falls Campground","UC0725","Myotis lucifugus","Female","Adult",11.10000038,NA,40.5,11,"LAC",NA,"0:20","1:45",7,"Summer"
2012-07-24,60.96,-117.33,"Kakisa","Lady Evelyn Falls Campground","UC0727","Myotis lucifugus","Female","Adult",10.19999981,NA,41,13,"LAC",NA,"0:30","1:39",7,"Summer"
2012-07-24,60.96,-117.33,"Kakisa","Lady Evelyn Falls Campground","UC0728","Myotis lucifugus","Female","Adult",9.199999809,NA,40,12,"NOP",NA,"0:20","1:18",7,"Summer"
2012-07-24,60.96,-117.33,"Kakisa","Lady Evelyn Falls Campground","UC0729","Myotis lucifugus","Female","Adult",9.5,NA,40.5,14,"NOP",NA,"0:20","1:16",7,"Summer"
2012-07-24,60.96,-117.33,"Kakisa","Lady Evelyn Falls Campground","UC0730","Myotis lucifugus","Female","Adult",10,"*",39.5,12,"LAC","Full belly; white spots on wings, looks like ticks","0:20","1:14",7,"Summer"
2012-07-24,60.96,-117.33,"Kakisa","Lady Evelyn Falls Campground","UC0731","Myotis lucifugus","Female","Adult",10.69999981,NA,41.5,12,"LAC","measured forearm with ruler","0:20","1:12",7,"Summer"
2012-07-24,60.96,-117.33,"Kakisa","Lady Evelyn Falls Campground","UC0732","Myotis lucifugus","Female","Adult",9.699999809,NA,39.90000153,12,"NOP",NA,"23:50","1:10",7,"Summer"
2012-07-24,60.96,-117.33,"Kakisa","Lady Evelyn Falls Campground","UC0733","Myotis lucifugus","Female","Adult",9.199999809,NA,39.79999924,12,"LAC",NA,"23:39","0:06",7,"Summer"
2012-07-24,60.96,-117.33,"Kakisa","Lady Evelyn Falls Campground","UC0734","Myotis lucifugus","Female","Adult",9.600000381,NA,40.70000076,14,"LAC","little milk","23:26","0:05",7,"Summer"
2012-07-24,60.96,-117.33,"Kakisa","Lady Evelyn Falls Campground","UC0735","Myotis lucifugus","Female","Adult",10,NA,40.90000153,11,"LAC","milk; rain, started at 00:40, lightning and thunder, downpour started at 1:00","23:44","0:00",7,"Summer"
2012-07-25,60.1,-112.7,"Little Buffalo Falls","SSR-1","UC0754","Myotis lucifugus","Female","Adult",8.399999619,NA,40,12,"NOP",NA,"23:13","1:44",7,"Summer"
2012-07-25,60.1,-112.7,"Little Buffalo Falls","SSR-1","UC0756","Myotis lucifugus","Female","Adult",8.5,NA,39.09999847,12,"NOP",NA,"23:12","1:38",7,"Summer"
2012-07-25,60.1,-112.7,"Little Buffalo Falls","SSR-1","UC0762","Myotis lucifugus","Female","Adult",8.199999809,NA,39.40000153,12,"NOP",NA,"23:11","1:21",7,"Summer"
2012-07-25,60.1,-112.7,"Little Buffalo Falls","SSR-1","UC0763","Myotis lucifugus","Female","Adult",9.100000381,NA,38.79999924,12,"NOP",NA,"23:11","1:20",7,"Summer"
2012-07-25,60.1,-112.7,"Little Buffalo Falls","SSR-1","UC0767","Myotis lucifugus","Female","Adult",7.800000191,NA,37.70000076,12,"NOP","fleas","23:10","1:12",7,"Summer"
2012-07-25,60.1,-112.7,"Little Buffalo Falls","SSR-1","UC0768","Myotis lucifugus","Female","Adult",8.100000381,NA,38.59999847,11,"NOP",NA,"23:10","1:11",7,"Summer"
2012-07-25,60.1,-112.7,"Little Buffalo Falls","SSR-1","UC0777","Myotis lucifugus","Female","Adult",8.100000381,NA,39.29999924,13,"NOP",NA,"23:05","0:51",7,"Summer"
2012-07-25,60.1,-112.7,"Little Buffalo Falls","SSR-1","UC0791","Myotis lucifugus","Female","Adult",7.900000095,NA,38.20000076,11,"NOP",NA,"22:59","0:09",7,"Summer"
2012-07-25,60.1,-112.7,"Little Buffalo Falls","SSR-1","UC0796","Myotis lucifugus","Female","Adult",7.300000191,NA,37.29999924,11,"NOP","mites on ear","22:41","23:54",7,"Summer"
2012-07-25,60.1,-112.7,"Little Buffalo Falls","SSR-1","UC0798","Myotis lucifugus","Female","Adult",8.100000381,NA,38.29999924,12,"NOP",NA,"22:38","23:49",7,"Summer"
2012-07-25,60.1,-112.7,"Little Buffalo Falls","SSR-1","UC0799","Myotis lucifugus","Female","Adult",8.600000381,NA,38.20000076,12,"NOP",NA,"22:36","23:47",7,"Summer"
2012-07-26,60.09,-112.25,"Salt River","Thebacha cabins","UC0031","Myotis lucifugus","Female","Adult",8.5,NA,37.09999847,14,"LAC","missing left tooth; little milk","23:06","0:05",7,"Summer"
2012-07-26,60.09,-112.25,"Salt River","Thebacha cabins","UC0147","Myotis lucifugus","Female","Adult",9.199999809,NA,37.59999847,12,"LAC","milk","23:11","0:08",7,"Summer"
2012-07-26,60.09,-112.25,"Salt River","Thebacha cabins","UC0674","Myotis lucifugus","Female","Juvenile",7.400000095,NA,39.90000153,12,"JUV","look at previous capture for data","23:35","1:13",7,"Summer"
2012-07-26,60.09,-112.25,"Salt River","Thebacha cabins","UC0706","Myotis lucifugus","Male","Juvenile",7.400000095,NA,39.09999847,11,"JUV",NA,"22:54","23:29",7,"Summer"
2012-07-26,60.09,-112.25,"Salt River","Thebacha cabins","UC0707","Myotis lucifugus","Female","Adult",8.699999809,NA,36.29999924,14,"LAC","radio tagged: 161022; 173.859 (78); ch 1; milk","22:54","23:32",7,"Summer"
2012-07-26,60.09,-112.25,"Salt River","Thebacha cabins","UC0708","Myotis lucifugus","Male","Juvenile",8.5,NA,38.59999847,12,"JUV",NA,"22:42","23:58",7,"Summer"
2012-07-26,60.09,-112.25,"Salt River","Thebacha cabins","UC0709","Myotis lucifugus","Male","Juvenile",6.5,NA,38.90000153,11,"JUV",NA,"22:56","23:59",7,"Summer"
2012-07-26,60.09,-112.25,"Salt River","Thebacha cabins","UC0710","Myotis lucifugus","Male","Juvenile",6.900000095,NA,37.40000153,11,"JUV",NA,"22:57","0:01",7,"Summer"
2012-07-26,60.09,-112.25,"Salt River","Thebacha cabins","UC0711","Myotis lucifugus","Female","Adult",9,NA,39.20000076,12,"POST","radio tagged: 100672; 173.361 (360); ch 2","23:00","0:11",7,"Summer"
2012-07-26,60.09,-112.25,"Salt River","Thebacha cabins","UC0712","Myotis lucifugus","Female","Adult",8.899999619,NA,40.20000076,13.5,"LAC",NA,"23:04","0:18",7,"Summer"
2012-07-26,60.09,-112.25,"Salt River","Thebacha cabins","UC0713","Myotis lucifugus","Female","Juvenile",7.099999905,NA,39.09999847,12,"JUV",NA,"23:06","0:28",7,"Summer"
2012-07-26,60.09,-112.25,"Salt River","Thebacha cabins","UC0714","Myotis lucifugus","Female","Adult",8.399999619,NA,39.70000076,12,"LAC","radio tagged: 100676; 173.061; ch 3","23:11","0:29",7,"Summer"
2012-07-26,60.09,-112.25,"Salt River","Thebacha cabins","UC0715","Myotis lucifugus","Female","Juvenile",7.300000191,NA,40.70000076,13,"JUV",NA,"23:08","0:49",7,"Summer"
2012-07-26,60.09,-112.25,"Salt River","Thebacha cabins","UC0801","Myotis lucifugus","Female","Juvenile",7,NA,39.20000076,13,"JUV",NA,"23:14","0:51",7,"Summer"
2012-07-26,60.09,-112.25,"Salt River","Thebacha cabins","UC0802","Myotis lucifugus","Female","Adult",8.100000381,NA,40,12,"POST",NA,"23:13","0:49",7,"Summer"
2012-07-26,60.09,-112.25,"Salt River","Thebacha cabins","UC0803","Myotis lucifugus","Female","Juvenile",7.900000095,NA,38.59999847,12,"JUV",NA,"23:15","0:55",7,"Summer"
2012-07-26,60.09,-112.25,"Salt River","Thebacha cabins","UC0804","Myotis lucifugus","Female","Juvenile",7.800000191,NA,39.59999847,11,"JUV",NA,"23:16","0:55",7,"Summer"
2012-07-26,60.09,-112.25,"Salt River","Thebacha cabins","UC0805","Myotis lucifugus","Female","Juvenile",7.300000191,NA,38.20000076,13,"JUV",NA,"23:22","0:58",7,"Summer"
2012-07-26,60.09,-112.25,"Salt River","Thebacha cabins","UC0806","Myotis lucifugus","Female","Adult",10,NA,40.40000153,12,"LAC","radio tagged: 100677; 173.061; ch 4; milk","23:44","1:01",7,"Summer"
2012-07-26,60.09,-112.25,"Salt River","Thebacha cabins","UC0807","Myotis lucifugus","Male","Juvenile",6.900000095,NA,36.20000076,11,"JUV",NA,"23:23","1:06",7,"Summer"
2012-07-26,60.09,-112.25,"Salt River","Thebacha cabins","UC0808","Myotis lucifugus","Female","Juvenile",6.900000095,NA,39.79999924,12,"JUV",NA,"23:24","1:19",7,"Summer"
2012-07-26,60.09,-112.25,"Salt River","Thebacha cabins","UC0809","Myotis lucifugus","Female","Juvenile",7.800000191,NA,38.79999924,12,"JUV",NA,"23:42","1:22",7,"Summer"
2012-07-26,60.09,-112.25,"Salt River","Thebacha cabins","UC0810","Myotis lucifugus","Female","Juvenile",6.199999809,NA,35.40000153,12,"JUV",NA,"23:38","1:22",7,"Summer"
2012-07-26,60.09,-112.25,"Salt River","Thebacha cabins","UC0813","Myotis lucifugus","Male","Juvenile",6.900000095,NA,37.20000076,11,"JUV",NA,"0:02","1:38",7,"Summer"
2012-07-26,60.09,-112.25,"Salt River","Thebacha cabins","UC0814","Myotis lucifugus","Male","Juvenile",7.599999905,NA,39.09999847,12,"JUV",NA,"0:28","1:40",7,"Summer"
2012-08-02,60.09,-112.25,"Salt River","Thebacha cabins","UC0015","Myotis lucifugus","Female","Adult",10,NA,37.79999924,12,"LAC","milk","22:44","23:20",8,"Summer"
2012-08-02,60.09,-112.25,"Salt River","Thebacha cabins","UC0432","Myotis lucifugus","Female","Adult",7.800000191,NA,40.5,13,"LAC","milk; with juv 815","22:43","23:14",8,"Summer"
2012-08-02,60.09,-112.25,"Salt River","Thebacha cabins","UC0469","Myotis lucifugus","Female","Adult",8.100000381,NA,39,12,"LAC",NA,"22:47","23:21",8,"Summer"
2012-08-02,60.09,-112.25,"Salt River","Thebacha cabins","UC0751","Myotis lucifugus","Female","Juvenile",8.199999809,NA,39.59999847,13,"JUV","ticks on wing, fleas","22:19","23:10",8,"Summer"
2012-08-02,60.09,-112.25,"Salt River","Thebacha cabins","UC0752","Myotis lucifugus","Female","Juvenile",7,NA,39.40000153,13,"JUV",NA,"22:22","23:11",8,"Summer"
2012-08-02,60.09,-112.25,"Salt River","Thebacha cabins","UC0753","Myotis lucifugus","Male","Juvenile",7.300000191,NA,38.90000153,13.5,"JUV",NA,"22:19","23:13",8,"Summer"
2012-08-02,60.09,-112.25,"Salt River","Thebacha cabins","UC0815","Myotis lucifugus","Male","Juvenile",6.400000095,NA,37.20000076,12,"JUV","with mother UC0432","22:43","23:16",8,"Summer"
2012-08-02,60.09,-112.25,"Salt River","Thebacha cabins","UC0816","Myotis lucifugus","Female","Adult",8.300000191,NA,38.70000076,14,"LAC",NA,"22:53","23:23",8,"Summer"
2012-08-02,60.09,-112.25,"Salt River","Thebacha cabins","UC0817","Myotis lucifugus","Female","Juvenile",6.800000191,NA,38.70000076,13,"JUV",NA,"22:26","23:27",8,"Summer"
2012-08-02,60.09,-112.25,"Salt River","Thebacha cabins","UC0818","Myotis lucifugus","Female","Juvenile",7.300000191,NA,38.20000076,12.5,"JUV",NA,"22:22","23:29",8,"Summer"
2012-08-02,60.09,-112.25,"Salt River","Thebacha cabins","UC0819","Myotis lucifugus","Male","Juvenile",7.800000191,NA,39.70000076,11,"JUV","brown fur","22:22","23:30",8,"Summer"
2012-08-02,60.09,-112.25,"Salt River","Thebacha cabins","UC0820","Myotis lucifugus","Female","Juvenile",6.800000191,NA,38,13,"JUV",NA,"22:25","23:31",8,"Summer"
2012-08-02,60.09,-112.25,"Salt River","Thebacha cabins","UC0821","Myotis lucifugus","Female","Adult",8.199999809,NA,38.20000076,13,"LAC","milk","22:27","23:35",8,"Summer"
2012-08-02,60.09,-112.25,"Salt River","Thebacha cabins","UC0822","Myotis lucifugus","Female","Adult",9.199999809,NA,39,13,"LAC",NA,"22:29","23:36",8,"Summer"
2012-08-02,60.09,-112.25,"Salt River","Thebacha cabins","UC0823","Myotis lucifugus","Female","Juvenile",7.099999905,NA,39.20000076,12,"JUV",NA,"22:35","23:40",8,"Summer"
2012-08-02,60.09,-112.25,"Salt River","Thebacha cabins","UC0824","Myotis lucifugus","Female","Juvenile",6.900000095,NA,39.90000153,13,"JUV",NA,"22:33","23:42",8,"Summer"
2012-08-02,60.09,-112.25,"Salt River","Thebacha cabins","UC0825","Myotis lucifugus","Female","Juvenile",7.300000191,NA,37.79999924,12.5,"JUV",NA,"22:33","23:43",8,"Summer"
2012-08-02,60.09,-112.25,"Salt River","Thebacha cabins","UC0826","Myotis lucifugus","Female","Juvenile",7.5,NA,40.09999847,12.5,"JUV",NA,"22:34","23:45",8,"Summer"
2012-08-02,60.09,-112.25,"Salt River","Thebacha cabins","UC0827","Myotis lucifugus","Female","Adult",8.800000191,NA,40.29999924,14,"LAC","milk","22:35","23:47",8,"Summer"
2012-08-02,60.09,-112.25,"Salt River","Thebacha cabins","UC0828","Myotis lucifugus","Male","Juvenile",7.199999809,NA,39.20000076,12,"JUV",NA,"22:41","23:48",8,"Summer"
2012-08-02,60.09,-112.25,"Salt River","Thebacha cabins","UC0829","Myotis lucifugus","Female","Juvenile",7,NA,39.70000076,12,"JUV",NA,"22:49","23:49",8,"Summer"
2012-08-02,60.09,-112.25,"Salt River","Thebacha cabins","UC0830","Myotis lucifugus","Male","Juvenile",7.300000191,NA,39.40000153,13,"JUV","2 mite holes in left wing","22:53","23:50",8,"Summer"
2012-08-02,60.09,-112.25,"Salt River","Thebacha cabins","UC0850","Myotis lucifugus","Female","Juvenile",7.099999905,NA,39.5,13,"JUV",NA,"22:32","23:38",8,"Summer"
2012-08-07,60.96,-117.33,"Kakisa","Lady Evelyn Falls Campground","UC0176","Myotis lucifugus","Female","Adult",9,NA,40.09999847,13,"LAC",NA,"22:54","23:16",8,"Summer"
2012-08-07,60.96,-117.33,"Kakisa","Lady Evelyn Falls Campground","UC0832","Myotis lucifugus","Female","Juvenile",8,NA,38,13,"JUV",NA,"22:54","23:19",8,"Summer"
2012-08-07,60.96,-117.33,"Kakisa","Lady Evelyn Falls Campground","UC0833","Myotis lucifugus","Female","Adult",9.600000381,NA,40,12.5,"LAC","lots of milk","22:55","23:23",8,"Summer"
2012-08-07,60.96,-117.33,"Kakisa","Lady Evelyn Falls Campground","UC0834","Myotis lucifugus","Female","Juvenile",7.199999809,NA,37.70000076,13,"JUV","didn't come from mat colony","23:55","0:15",8,"Summer"
2012-08-07,60.96,-117.33,"Kakisa","Lady Evelyn Falls Campground","UC0835","Myotis lucifugus","Female","Adult",10.60000038,NA,40.79999924,12,"POST",NA,"1:01","2:05",8,"Summer"
2012-08-08,60.09,-112.25,"Salt River","Thebacha cabins","UC0836","Myotis lucifugus","Female","Adult",9,NA,38.20000076,12,"POST","radio tagged: 161022; 173.8980; TS ch 2; glisten of milk; flew E; at 12:15 was S","22:24","22:46",8,"Summer"
2012-08-08,60.09,-112.25,"Salt River","Thebacha cabins","UC0837","Myotis lucifugus","Female","Juvenile",6.599999905,NA,36.70000076,13,"JUV",NA,"22:10","23:00",8,"Summer"
2012-08-08,60.09,-112.25,"Salt River","Thebacha cabins","UC0838","Myotis lucifugus","Male","Juvenile",6.900000095,NA,39.40000153,13,"JUV",NA,"22:13","23:03",8,"Summer"
2012-08-08,60.09,-112.25,"Salt River","Thebacha cabins","UC0839","Myotis lucifugus","Female","Juvenile",6.300000191,NA,37.40000153,12,"JUV",NA,"22:25","23:25",8,"Summer"
2012-08-08,60.09,-112.25,"Salt River","Thebacha cabins","UC0840","Myotis lucifugus","Male","Juvenile",6.400000095,NA,37.90000153,13,"JUV",NA,"22:29","23:31",8,"Summer"
2012-08-12,60.04,-112.7,"Little Buffalo Falls","Little Buffalo Falls","UC0843","Myotis lucifugus","Female","Adult",8.199999809,NA,37.40000153,12,"NOP",NA,"22:15","22:51",8,"Summer"
2012-08-13,59.7,-112.2,"Wood Buffalo NP","Walk-in Cave",NA,"Myotis lucifugus","Female","Adult",7.599999905,NA,38,14,"NOP","red dots on wings","21:55","23:04",8,"Summer"
2012-08-16,59.74,-112.22,"Wood Buffalo NP","WBBP",NA,"Myotis lucifugus","Female","Juvenile",6.800000191,NA,37.70000076,13,"JUV",NA,"21:47","22:59",8,"Summer"
2012-08-16,59.74,-112.22,"Wood Buffalo NP","WBBP",NA,"Myotis lucifugus","Female","Juvenile",7,NA,38.09999847,12,"JUV",NA,"22:00","23:11",8,"Summer"
2012-08-16,59.74,-112.22,"Wood Buffalo NP","WBBP",NA,"Myotis lucifugus","Female","Juvenile",7.5,NA,40.20000076,13,"JUV","fleas","21:45","23:04",8,"Summer"
2012-08-16,59.74,-112.22,"Wood Buffalo NP","WBBP",NA,"Myotis lucifugus","Female","Juvenile",8,NA,39,14,"JUV","ticker fur","22:04","23:21",8,"Summer"
2012-08-16,59.74,-112.22,"Wood Buffalo NP","WBBP",NA,"Myotis lucifugus","Female","Juvenile",7.800000191,NA,40.20000076,13,"JUV","ticks on wing; red spots and holes on wing","21:51","12:07",8,"Summer"
2012-08-16,59.74,-112.22,"Wood Buffalo NP","WBBP",NA,"Myotis lucifugus","Male","Juvenile",7.5,NA,38.5,12,"JUV","hefty; ticks","22:29","0:04",8,"Summer"
2012-08-16,59.74,-112.22,"Wood Buffalo NP","WBBP",NA,"Myotis lucifugus","Male","Juvenile",7.199999809,NA,37.90000153,12,"JUV","ticks on wing","22:31","0:28",8,"Summer"
2012-08-16,59.74,-112.22,"Wood Buffalo NP","WBBP",NA,"Myotis lucifugus","Female","Adult",9.699999809,NA,39.5,12,"NOP","hefty; speckled mud; previous hole punch in right wing.","22:29","0:00",8,"Summer"
2012-08-16,59.74,-112.22,"Wood Buffalo NP","WBBP",NA,"Myotis lucifugus","Female","Adult",8.800000191,NA,39.90000153,12,"NOP","lots of mud; wing punched","22:23","23:40",8,"Summer"
2012-08-16,59.74,-112.22,"Wood Buffalo NP","WBBP",NA,"Myotis lucifugus","Female","Adult",12.39999962,NA,40.90000153,11,"NOP","orange mites in ear; hefty; ticks on wing","22:33","0:39",8,"Summer"
2011-05-16,59.7,-112.2,"Wood Buffalo NP","Walk-in Cave","UC0007","Myotis septentrionalis","Female","Adult",9.699999809,NA,39.20000076,12,"NOP",NA,"23:15","0:18",5,"Spring"
2011-06-11,59.74,-112.22,"Wood Buffalo NP","WBBP",NA,"Myotis septentrionalis","Female","Adult",6.5,NA,36.90000153,14,"PREG",NA,"1:42","2:20",6,"Summer"
2011-06-17,60.09,-112.25,"Salt River","Thebacha cabins",NA,"Myotis septentrionalis","Female","Adult",9,NA,40.20000076,14,"PREG",NA,"11:37 to 12:07","0:15",6,"Summer"
2011-07-19,60.09,-112.25,"Salt River","Thebacha cabins - main lodge",NA,"Myotis septentrionalis","Female","Adult",8.399999619,NA,36.59999847,14,"LAC",NA,"1:53","2:38",7,"Summer"
2011-07-19,60.09,-112.25,"Salt River","Thebacha cabins - main lodge",NA,"Myotis septentrionalis","Female","Adult",9.199999809,NA,37.79999924,14,"LAC",NA,"1:05","1:39",7,"Summer"
2011-08-22,60.09,-112.25,"Salt River","Thebacha cabins - main lodge",NA,"Myotis septentrionalis","Female","Juvenile",7.599999905,NA,36.90000153,14,"JUV",NA,"22:44","22:45",8,"Summer"
2011-09-06,59.74,-112.22,"Wood Buffalo NP","WBBP","UC0371","Myotis septentrionalis","Female","Juvenile",6.300000191,NA,36.29999924,14,"JUV","Emerging from cave","20:50","21:57",9,"Fall"
2011-09-06,59.74,-112.22,"Wood Buffalo NP","WBBP","UC0407","Myotis septentrionalis","Female","Adult",10,NA,35.79999924,14,"POST","long thumbs","22:21","0:46",9,"Fall"
2012-08-16,59.74,-112.22,"Wood Buffalo NP","WBBP",NA,"Myotis septentrionalis","Female","Juvenile",6.599999905,NA,39,14,"JUV",NA,"22:44","0:30",8,"Summer"
